timestamp_ms,mPWM,sPWM,mESC,sESC,mRPM,sRPM,mHz,sHz
96427,0,0,1500,1500,0,0,0.0,0.0
96437,0,0,1500,1500,0,0,0.0,0.0
96447,0,0,1500,1500,0,0,0.0,0.0
96457,0,0,1500,1500,0,0,0.0,0.0
96467,0,0,1500,1500,0,0,0.0,0.0
96477,0,0,1500,1500,0,0,0.0,0.0
96487,0,0,1500,1500,0,0,0.0,0.0
96497,0,0,1500,1500,0,0,0.0,0.0
96507,0,0,1500,1500,0,0,0.0,0.0
96517,0,0,1500,1500,0,0,0.0,0.0
96527,0,0,1500,1500,0,0,0.0,0.0
96537,0,0,1500,1500,0,0,0.0,0.0
96547,0,0,1500,1500,0,0,0.0,0.0
96557,0,0,1500,1500,0,0,0.0,0.0
96567,0,0,1500,1500,0,0,0.0,0.0
96577,0,0,1500,1500,0,0,0.0,0.0
96587,0,0,1500,1500,0,0,0.0,0.0
96598,0,0,1500,1500,0,0,0.0,0.0
96608,0,0,1500,1500,0,0,0.0,0.0
96618,0,0,1500,1500,0,0,0.0,0.0
96628,0,0,1500,1500,0,0,0.0,0.0
96638,0,0,1500,1500,0,0,0.0,0.0
96648,0,0,1500,1500,0,0,0.0,0.0
96658,0,0,1500,1500,0,0,0.0,0.0
96668,0,0,1500,1500,0,0,0.0,0.0
96678,0,0,1500,1500,0,0,0.0,0.0
96688,0,0,1500,1500,0,0,0.0,0.0
96698,0,0,1500,1500,0,0,0.0,0.0
96708,0,0,1500,1500,0,0,0.0,0.0
96718,0,0,1500,1500,0,0,0.0,0.0
96728,0,0,1500,1500,0,0,0.0,0.0
96738,0,0,1500,1500,0,0,0.0,0.0
96748,0,0,1500,1500,0,0,0.0,0.0
96758,0,0,1500,1500,0,0,0.0,0.0
96768,0,0,1500,1500,0,0,0.0,0.0
96778,0,0,1500,1500,0,0,0.0,0.0
96788,0,0,1500,1500,0,0,0.0,0.0
96798,0,0,1500,1500,0,0,0.0,0.0
96808,0,0,1500,1500,0,0,0.0,0.0
96818,0,0,1500,1500,0,0,0.0,0.0
96828,0,0,1500,1500,0,0,0.0,0.0
96838,0,0,1500,1500,0,0,0.0,0.0
96848,0,0,1500,1500,0,0,0.0,0.0
96858,0,0,1500,1500,0,0,0.0,0.0
96868,0,0,1500,1500,0,0,0.0,0.0
96878,0,0,1500,1500,0,0,0.0,0.0
96888,0,0,1500,1500,0,0,0.0,0.0
96898,0,0,1500,1500,0,0,0.0,0.0
96908,0,0,1500,1500,0,0,0.0,0.0
96918,0,0,1500,1500,0,0,0.0,0.0
96928,0,0,1500,1500,0,0,0.0,0.0
96939,0,0,1500,1500,0,0,0.0,0.0
96949,0,0,1500,1500,0,0,0.0,0.0
96959,0,0,1500,1500,0,0,0.0,0.0
96969,0,0,1500,1500,0,0,0.0,0.0
96979,0,0,1500,1500,0,0,0.0,0.0
96989,0,0,1500,1500,0,0,0.0,0.0
96999,0,0,1500,1500,0,0,0.0,0.0
97009,0,0,1500,1500,0,0,0.0,0.0
97019,0,0,1500,1500,0,0,0.0,0.0
97029,0,0,1500,1500,0,0,0.0,0.0
97039,0,0,1500,1500,0,0,0.0,0.0
97049,0,0,1500,1500,0,0,0.0,0.0
97059,0,0,1500,1500,0,0,0.0,0.0
97069,0,0,1500,1500,0,0,0.0,0.0
97079,0,0,1500,1500,0,0,0.0,0.0
97089,0,0,1500,1500,0,0,0.0,0.0
97099,0,0,1500,1500,0,0,0.0,0.0
97110,0,0,1500,1500,0,0,0.0,0.0
97120,0,0,1500,1500,0,0,0.0,0.0
97130,0,0,1500,1500,0,0,0.0,0.0
97140,0,0,1500,1500,0,0,0.0,0.0
97150,0,0,1500,1500,0,0,0.0,0.0
97160,0,0,1500,1500,0,0,0.0,0.0
97170,0,0,1500,1500,0,0,0.0,0.0
97180,0,0,1500,1500,0,0,0.0,0.0
97190,0,0,1500,1500,0,0,0.0,0.0
97200,0,0,1500,1500,0,0,0.0,0.0
97210,0,0,1500,1500,0,0,0.0,0.0
97220,0,0,1500,1500,0,0,0.0,0.0
97230,0,0,1500,1500,0,0,0.0,0.0
97240,0,0,1500,1500,0,0,0.0,0.0
97250,0,0,1500,1500,0,0,0.0,0.0
97260,0,0,1500,1500,0,0,0.0,0.0
97270,0,0,1500,1500,0,0,0.0,0.0
97280,0,0,1500,1500,0,0,0.0,0.0
97290,0,0,1500,1500,0,0,0.0,0.0
97300,0,0,1500,1500,0,0,0.0,0.0
97310,0,0,1500,1500,0,0,0.0,0.0
97320,0,0,1500,1500,0,0,0.0,0.0
97330,0,0,1500,1500,0,0,0.0,0.0
97340,0,0,1500,1500,0,0,0.0,0.0
97350,0,0,1500,1500,0,0,0.0,0.0
97360,0,0,1500,1500,0,0,0.0,0.0
97370,0,0,1500,1500,0,0,0.0,0.0
97380,0,0,1500,1500,0,0,0.0,0.0
97390,0,0,1500,1500,0,0,0.0,0.0
97400,0,0,1500,1500,0,0,0.0,0.0
97410,0,0,1500,1500,0,0,0.0,0.0
97420,0,0,1500,1500,0,0,0.0,0.0
97430,0,0,1500,1500,0,0,0.0,0.0
97440,0,0,1500,1500,0,0,0.0,0.0
97451,0,0,1500,1500,0,0,0.0,0.0
97461,0,0,1500,1500,0,0,0.0,0.0
97471,0,0,1500,1500,0,0,0.0,0.0
97481,0,0,1500,1500,0,0,0.0,0.0
97491,0,0,1500,1500,0,0,0.0,0.0
97501,0,0,1500,1500,0,0,0.0,0.0
97511,0,0,1500,1500,0,0,0.0,0.0
97521,0,0,1500,1500,0,0,0.0,0.0
97531,0,0,1500,1500,0,0,0.0,0.0
97541,0,0,1500,1500,0,0,0.0,0.0
97551,0,0,1500,1500,0,0,0.0,0.0
97561,0,0,1500,1500,0,0,0.0,0.0
97571,0,0,1500,1500,0,0,0.0,0.0
97581,0,0,1500,1500,0,0,0.0,0.0
97591,0,0,1500,1500,0,0,0.0,0.0
97601,0,0,1500,1500,0,0,0.0,0.0
97611,0,0,1500,1500,0,0,0.0,0.0
97622,0,0,1500,1500,0,0,0.0,0.0
97632,0,0,1500,1500,0,0,0.0,0.0
97642,0,0,1500,1500,0,0,0.0,0.0
97652,0,0,1500,1500,0,0,0.0,0.0
97662,0,0,1500,1500,0,0,0.0,0.0
97672,0,0,1500,1500,0,0,0.0,0.0
97682,0,0,1500,1500,0,0,0.0,0.0
97692,0,0,1500,1500,0,0,0.0,0.0
97702,0,0,1500,1500,0,0,0.0,0.0
97712,0,0,1500,1500,0,0,0.0,0.0
97722,0,0,1500,1500,0,0,0.0,0.0
97732,0,0,1500,1500,0,0,0.0,0.0
97742,0,0,1500,1500,0,0,0.0,0.0
97752,0,0,1500,1500,0,0,0.0,0.0
97762,0,0,1500,1500,0,0,0.0,0.0
97772,0,0,1500,1500,0,0,0.0,0.0
97782,0,0,1500,1500,0,0,0.0,0.0
97792,0,0,1500,1500,0,0,0.0,0.0
97802,0,0,1500,1500,0,0,0.0,0.0
97812,0,0,1500,1500,0,0,0.0,0.0
97822,0,0,1500,1500,0,0,0.0,0.0
97832,0,0,1500,1500,0,0,0.0,0.0
97842,0,0,1500,1500,0,0,0.0,0.0
97852,0,0,1500,1500,0,0,0.0,0.0
97862,0,0,1500,1500,0,0,0.0,0.0
97872,0,0,1500,1500,0,0,0.0,0.0
97882,0,0,1500,1500,0,0,0.0,0.0
97892,0,0,1500,1500,0,0,0.0,0.0
97902,0,0,1500,1500,0,0,0.0,0.0
97912,0,0,1500,1500,0,0,0.0,0.0
97922,0,0,1500,1500,0,0,0.0,0.0
97932,0,0,1500,1500,0,0,0.0,0.0
97942,0,0,1500,1500,0,0,0.0,0.0
97952,0,0,1500,1500,0,0,0.0,0.0
97963,0,0,1500,1500,0,0,0.0,0.0
97973,0,0,1500,1500,0,0,0.0,0.0
97983,0,0,1500,1500,0,0,0.0,0.0
97993,0,0,1500,1500,0,0,0.0,0.0
98003,0,0,1500,1500,0,0,0.0,0.0
98013,0,0,1500,1500,0,0,0.0,0.0
98023,0,0,1500,1500,0,0,0.0,0.0
98033,0,0,1500,1500,0,0,0.0,0.0
98043,0,0,1500,1500,0,0,0.0,0.0
98053,0,0,1500,1500,0,0,0.0,0.0
98063,0,0,1500,1500,0,0,0.0,0.0
98073,0,0,1500,1500,0,0,0.0,0.0
98083,0,0,1500,1500,0,0,0.0,0.0
98093,0,0,1500,1500,0,0,0.0,0.0
98103,0,0,1500,1500,0,0,0.0,0.0
98113,0,0,1500,1500,0,0,0.0,0.0
98123,0,0,1500,1500,0,0,0.0,0.0
98134,0,0,1500,1500,0,0,0.0,0.0
98144,0,0,1500,1500,0,0,0.0,0.0
98154,0,0,1500,1500,0,0,0.0,0.0
98164,0,0,1500,1500,0,0,0.0,0.0
98174,0,0,1500,1500,0,0,0.0,0.0
98184,0,0,1500,1500,0,0,0.0,0.0
98194,0,0,1500,1500,0,0,0.0,0.0
98204,0,0,1500,1500,0,0,0.0,0.0
98214,0,0,1500,1500,0,0,0.0,0.0
98224,0,0,1500,1500,0,0,0.0,0.0
98234,0,0,1500,1500,0,0,0.0,0.0
98244,0,0,1500,1500,0,0,0.0,0.0
98254,0,0,1500,1500,0,0,0.0,0.0
98264,0,0,1500,1500,0,0,0.0,0.0
98274,0,0,1500,1500,0,0,0.0,0.0
98284,0,0,1500,1500,0,0,0.0,0.0
98294,0,0,1500,1500,0,0,0.0,0.0
98304,0,0,1500,1500,0,0,0.0,0.0
98314,0,0,1500,1500,0,0,0.0,0.0
98324,0,0,1500,1500,0,0,0.0,0.0
98334,0,0,1500,1500,0,0,0.0,0.0
98344,0,0,1500,1500,0,0,0.0,0.0
98354,0,0,1500,1500,0,0,0.0,0.0
98364,0,0,1500,1500,0,0,0.0,0.0
98374,0,0,1500,1500,0,0,0.0,0.0
98384,0,0,1500,1500,0,0,0.0,0.0
98394,0,0,1500,1500,0,0,0.0,0.0
98404,0,0,1500,1500,0,0,0.0,0.0
98414,0,0,1500,1500,0,0,0.0,0.0
98424,0,0,1500,1500,0,0,0.0,0.0
98434,0,0,1500,1500,0,0,0.0,0.0
98444,0,0,1500,1500,0,0,0.0,0.0
98454,0,0,1500,1500,0,0,0.0,0.0
98464,0,0,1500,1500,0,0,0.0,0.0
98475,0,0,1500,1500,0,0,0.0,0.0
98485,0,0,1500,1500,0,0,0.0,0.0
98495,0,0,1500,1500,0,0,0.0,0.0
98505,0,0,1500,1500,0,0,0.0,0.0
98515,0,0,1500,1500,0,0,0.0,0.0
98525,0,0,1500,1500,0,0,0.0,0.0
98535,0,0,1500,1500,0,0,0.0,0.0
98545,0,0,1500,1500,0,0,0.0,0.0
98555,0,0,1500,1500,0,0,0.0,0.0
98565,0,0,1500,1500,0,0,0.0,0.0
98575,0,0,1500,1500,0,0,0.0,0.0
98585,0,0,1500,1500,0,0,0.0,0.0
98595,0,0,1500,1500,0,0,0.0,0.0
98605,0,0,1500,1500,0,0,0.0,0.0
98615,0,0,1500,1500,0,0,0.0,0.0
98625,0,0,1500,1500,0,0,0.0,0.0
98635,0,0,1500,1500,0,0,0.0,0.0
98646,0,0,1500,1500,0,0,0.0,0.0
98656,0,0,1500,1500,0,0,0.0,0.0
98666,0,0,1500,1500,0,0,0.0,0.0
98676,0,0,1500,1500,0,0,0.0,0.0
98686,0,0,1500,1500,0,0,0.0,0.0
98696,0,0,1500,1500,0,0,0.0,0.0
98706,0,0,1500,1500,0,0,0.0,0.0
98716,0,0,1500,1500,0,0,0.0,0.0
98726,0,0,1500,1500,0,0,0.0,0.0
98736,0,0,1500,1500,0,0,0.0,0.0
98746,0,0,1500,1500,0,0,0.0,0.0
98756,0,0,1500,1500,0,0,0.0,0.0
98766,0,0,1500,1500,0,0,0.0,0.0
98776,0,0,1500,1500,0,0,0.0,0.0
98786,0,0,1500,1500,0,0,0.0,0.0
98796,0,0,1500,1500,0,0,0.0,0.0
98806,0,0,1500,1500,0,0,0.0,0.0
98816,0,0,1500,1500,0,0,0.0,0.0
98826,0,0,1500,1500,0,0,0.0,0.0
98836,0,0,1500,1500,0,0,0.0,0.0
98846,0,0,1500,1500,0,0,0.0,0.0
98856,0,0,1500,1500,0,0,0.0,0.0
98866,0,0,1500,1500,0,0,0.0,0.0
98876,0,0,1500,1500,0,0,0.0,0.0
98886,0,0,1500,1500,0,0,0.0,0.0
98896,0,0,1500,1500,0,0,0.0,0.0
98906,0,0,1500,1500,0,0,0.0,0.0
98916,0,0,1500,1500,0,0,0.0,0.0
98926,0,0,1500,1500,0,0,0.0,0.0
98936,0,0,1500,1500,0,0,0.0,0.0
98946,0,0,1500,1500,0,0,0.0,0.0
98956,0,0,1500,1500,0,0,0.0,0.0
98966,0,0,1500,1500,0,0,0.0,0.0
98976,0,0,1500,1500,0,0,0.0,0.0
98987,0,0,1500,1500,0,0,0.0,0.0
98997,0,0,1500,1500,0,0,0.0,0.0
99007,0,0,1500,1500,0,0,0.0,0.0
99017,0,0,1500,1500,0,0,0.0,0.0
99027,0,0,1500,1500,0,0,0.0,0.0
99037,0,0,1500,1500,0,0,0.0,0.0
99047,0,0,1500,1500,0,0,0.0,0.0
99057,0,0,1500,1500,0,0,0.0,0.0
99067,0,0,1500,1500,0,0,0.0,0.0
99077,0,0,1500,1500,0,0,0.0,0.0
99087,0,0,1500,1500,0,0,0.0,0.0
99097,0,0,1500,1500,0,0,0.0,0.0
99107,0,0,1500,1500,0,0,0.0,0.0
99117,0,0,1500,1500,0,0,0.0,0.0
99127,0,0,1500,1500,0,0,0.0,0.0
99137,0,0,1500,1500,0,0,0.0,0.0
99147,0,0,1500,1500,0,0,0.0,0.0
99158,0,0,1500,1500,0,0,0.0,0.0
99168,0,0,1500,1500,0,0,0.0,0.0
99178,0,0,1500,1500,0,0,0.0,0.0
99188,0,0,1500,1500,0,0,0.0,0.0
99198,0,0,1500,1500,0,0,0.0,0.0
99208,0,0,1500,1500,0,0,0.0,0.0
99218,0,0,1500,1500,0,0,0.0,0.0
99228,0,0,1500,1500,0,0,0.0,0.0
99238,0,0,1500,1500,0,0,0.0,0.0
99248,0,0,1500,1500,0,0,0.0,0.0
99258,0,0,1500,1500,0,0,0.0,0.0
99268,0,0,1500,1500,0,0,0.0,0.0
99278,0,0,1500,1500,0,0,0.0,0.0
99288,0,0,1500,1500,0,0,0.0,0.0
99298,0,0,1500,1500,0,0,0.0,0.0
99308,0,0,1500,1500,0,0,0.0,0.0
99318,0,0,1500,1500,0,0,0.0,0.0
99328,0,0,1500,1500,0,0,0.0,0.0
99338,0,0,1500,1500,0,0,0.0,0.0
99348,0,0,1500,1500,0,0,0.0,0.0
99358,0,0,1500,1500,0,0,0.0,0.0
99368,0,0,1500,1500,0,0,0.0,0.0
99378,0,0,1500,1500,0,0,0.0,0.0
99388,0,0,1500,1500,0,0,0.0,0.0
99398,0,0,1500,1500,0,0,0.0,0.0
99408,0,0,1500,1500,0,0,0.0,0.0
99418,0,0,1500,1500,0,0,0.0,0.0
99428,0,0,1500,1500,0,0,0.0,0.0
99438,0,0,1500,1500,0,0,0.0,0.0
99448,0,0,1500,1500,0,0,0.0,0.0
99458,0,0,1500,1500,0,0,0.0,0.0
99468,0,0,1500,1500,0,0,0.0,0.0
99478,0,0,1500,1500,0,0,0.0,0.0
99488,0,0,1500,1500,0,0,0.0,0.0
99499,0,0,1500,1500,0,0,0.0,0.0
99509,0,0,1500,1500,0,0,0.0,0.0
99519,0,0,1500,1500,0,0,0.0,0.0
99529,0,0,1500,1500,0,0,0.0,0.0
99539,0,0,1500,1500,0,0,0.0,0.0
99549,0,0,1500,1500,0,0,0.0,0.0
99559,0,0,1500,1500,0,0,0.0,0.0
99569,0,0,1500,1500,0,0,0.0,0.0
99579,0,0,1500,1500,0,0,0.0,0.0
99589,0,0,1500,1500,0,0,0.0,0.0
99599,0,0,1500,1500,0,0,0.0,0.0
99609,0,0,1500,1500,0,0,0.0,0.0
99619,0,0,1500,1500,0,0,0.0,0.0
99629,0,0,1500,1500,0,0,0.0,0.0
99639,0,0,1500,1500,0,0,0.0,0.0
99649,0,0,1500,1500,0,0,0.0,0.0
99659,0,0,1500,1500,0,0,0.0,0.0
99670,0,0,1500,1500,0,0,0.0,0.0
99680,0,0,1500,1500,0,0,0.0,0.0
99690,0,0,1500,1500,0,0,0.0,0.0
99700,0,0,1500,1500,0,0,0.0,0.0
99710,0,0,1500,1500,0,0,0.0,0.0
99720,0,0,1500,1500,0,0,0.0,0.0
99730,0,0,1500,1500,0,0,0.0,0.0
99740,0,0,1500,1500,0,0,0.0,0.0
99750,0,0,1500,1500,0,0,0.0,0.0
99760,0,0,1500,1500,0,0,0.0,0.0
99770,0,0,1500,1500,0,0,0.0,0.0
99780,0,0,1500,1500,0,0,0.0,0.0
99790,0,0,1500,1500,0,0,0.0,0.0
99800,0,0,1500,1500,0,0,0.0,0.0
99810,0,0,1500,1500,0,0,0.0,0.0
99820,0,0,1500,1500,0,0,0.0,0.0
99830,0,0,1500,1500,0,0,0.0,0.0
99840,0,0,1500,1500,0,0,0.0,0.0
99850,0,0,1500,1500,0,0,0.0,0.0
99860,0,0,1500,1500,0,0,0.0,0.0
99870,0,0,1500,1500,0,0,0.0,0.0
99880,0,0,1500,1500,0,0,0.0,0.0
99890,0,0,1500,1500,0,0,0.0,0.0
99900,0,0,1500,1500,0,0,0.0,0.0
99910,0,0,1500,1500,0,0,0.0,0.0
99920,0,0,1500,1500,0,0,0.0,0.0
99930,0,0,1500,1500,0,0,0.0,0.0
99940,0,0,1500,1500,0,0,0.0,0.0
99950,0,0,1500,1500,0,0,0.0,0.0
99960,0,0,1500,1500,0,0,0.0,0.0
99970,0,0,1500,1500,0,0,0.0,0.0
99980,0,0,1500,1500,0,0,0.0,0.0
99990,0,0,1500,1500,0,0,0.0,0.0
100000,0,0,1500,1500,0,0,0.0,0.0
100011,0,0,1500,1500,0,0,0.0,0.0
100021,0,0,1500,1500,0,0,0.0,0.0
100031,0,0,1500,1500,0,0,0.0,0.0
100041,0,0,1500,1500,0,0,0.0,0.0
100051,0,0,1500,1500,0,0,0.0,0.0
100061,0,0,1500,1500,0,0,0.0,0.0
100071,0,0,1500,1500,0,0,0.0,0.0
100081,0,0,1500,1500,0,0,0.0,0.0
100091,0,0,1500,1500,0,0,0.0,0.0
100101,0,0,1500,1500,0,0,0.0,0.0
100111,0,0,1500,1500,0,0,0.0,0.0
100121,0,0,1500,1500,0,0,0.0,0.0
100131,0,0,1500,1500,0,0,0.0,0.0
100141,0,0,1500,1500,0,0,0.0,0.0
100151,0,0,1500,1500,0,0,0.0,0.0
100161,0,0,1500,1500,0,0,0.0,0.0
100171,0,0,1500,1500,0,0,0.0,0.0
100182,0,0,1500,1500,0,0,0.0,0.0
100192,0,0,1500,1500,0,0,0.0,0.0
100202,0,0,1500,1500,0,0,0.0,0.0
100212,0,0,1500,1500,0,0,0.0,0.0
100222,0,0,1500,1500,0,0,0.0,0.0
100232,0,0,1500,1500,0,0,0.0,0.0
100242,0,0,1500,1500,0,0,0.0,0.0
100252,0,0,1500,1500,0,0,0.0,0.0
100262,0,0,1500,1500,0,0,0.0,0.0
100272,0,0,1500,1500,0,0,0.0,0.0
100282,0,0,1500,1500,0,0,0.0,0.0
100292,0,0,1500,1500,0,0,0.0,0.0
100302,0,0,1500,1500,0,0,0.0,0.0
100312,0,0,1500,1500,0,0,0.0,0.0
100322,0,0,1500,1500,0,0,0.0,0.0
100332,0,0,1500,1500,0,0,0.0,0.0
100342,0,0,1500,1500,0,0,0.0,0.0
100352,0,0,1500,1500,0,0,0.0,0.0
100362,0,0,1500,1500,0,0,0.0,0.0
100372,0,0,1500,1500,0,0,0.0,0.0
100382,0,0,1500,1500,0,0,0.0,0.0
100392,0,0,1500,1500,0,0,0.0,0.0
100402,0,0,1500,1500,0,0,0.0,0.0
100412,0,0,1500,1500,0,0,0.0,0.0
100422,0,0,1500,1500,0,0,0.0,0.0
100432,0,0,1500,1500,0,0,0.0,0.0
100442,0,0,1500,1500,0,0,0.0,0.0
100452,0,0,1500,1500,0,0,0.0,0.0
100462,0,0,1500,1500,0,0,0.0,0.0
100472,0,0,1500,1500,0,0,0.0,0.0
100482,0,0,1500,1500,0,0,0.0,0.0
100492,0,0,1500,1500,0,0,0.0,0.0
100502,0,0,1500,1500,0,0,0.0,0.0
100512,0,0,1500,1500,0,0,0.0,0.0
100523,0,0,1500,1500,0,0,0.0,0.0
100533,0,0,1500,1500,0,0,0.0,0.0
100543,0,0,1500,1500,0,0,0.0,0.0
100553,0,0,1500,1500,0,0,0.0,0.0
100563,0,0,1500,1500,0,0,0.0,0.0
100573,0,0,1500,1500,0,0,0.0,0.0
100583,0,0,1500,1500,0,0,0.0,0.0
100593,0,0,1500,1500,0,0,0.0,0.0
100603,0,0,1500,1500,0,0,0.0,0.0
100613,0,0,1500,1500,0,0,0.0,0.0
100623,0,0,1500,1500,0,0,0.0,0.0
100633,0,0,1500,1500,0,0,0.0,0.0
100643,0,0,1500,1500,0,0,0.0,0.0
100653,0,0,1500,1500,0,0,0.0,0.0
100663,0,0,1500,1500,0,0,0.0,0.0
100673,0,0,1500,1500,0,0,0.0,0.0
100683,0,0,1500,1500,0,0,0.0,0.0
100694,0,0,1500,1500,0,0,0.0,0.0
100704,0,0,1500,1500,0,0,0.0,0.0
100714,0,0,1500,1500,0,0,0.0,0.0
100724,0,0,1500,1500,0,0,0.0,0.0
100734,0,0,1500,1500,0,0,0.0,0.0
100744,0,0,1500,1500,0,0,0.0,0.0
100754,0,0,1500,1500,0,0,0.0,0.0
100764,0,0,1500,1500,0,0,0.0,0.0
100774,0,0,1500,1500,0,0,0.0,0.0
100784,0,0,1500,1500,0,0,0.0,0.0
100794,0,0,1500,1500,0,0,0.0,0.0
100804,0,0,1500,1500,0,0,0.0,0.0
100814,0,0,1500,1500,0,0,0.0,0.0
100824,0,0,1500,1500,0,0,0.0,0.0
100834,0,0,1500,1500,0,0,0.0,0.0
100844,0,0,1500,1500,0,0,0.0,0.0
100854,0,0,1500,1500,0,0,0.0,0.0
100864,0,0,1500,1500,0,0,0.0,0.0
100874,0,0,1500,1500,0,0,0.0,0.0
100884,0,0,1500,1500,0,0,0.0,0.0
100894,0,0,1500,1500,0,0,0.0,0.0
100904,0,0,1500,1500,0,0,0.0,0.0
100914,0,0,1500,1500,0,0,0.0,0.0
100924,0,0,1500,1500,0,0,0.0,0.0
100934,0,0,1500,1500,0,0,0.0,0.0
100944,0,0,1500,1500,0,0,0.0,0.0
100954,0,0,1500,1500,0,0,0.0,0.0
100964,0,0,1500,1500,0,0,0.0,0.0
100974,0,0,1500,1500,0,0,0.0,0.0
100984,0,0,1500,1500,0,0,0.0,0.0
100994,0,0,1500,1500,0,0,0.0,0.0
101004,0,0,1500,1500,0,0,0.0,0.0
101014,0,0,1500,1500,0,0,0.0,0.0
101024,0,0,1500,1500,0,0,0.0,0.0
101035,0,0,1500,1500,0,0,0.0,0.0
101045,0,0,1500,1500,0,0,0.0,0.0
101055,0,0,1500,1500,0,0,0.0,0.0
101065,0,0,1500,1500,0,0,0.0,0.0
101075,0,0,1500,1500,0,0,0.0,0.0
101085,0,0,1500,1500,0,0,0.0,0.0
101095,0,0,1500,1500,0,0,0.0,0.0
101105,0,0,1500,1500,0,0,0.0,0.0
101115,0,0,1500,1500,0,0,0.0,0.0
101125,0,0,1500,1500,0,0,0.0,0.0
101135,0,0,1500,1500,0,0,0.0,0.0
101145,0,0,1500,1500,0,0,0.0,0.0
101155,0,0,1500,1500,0,0,0.0,0.0
101165,0,0,1500,1500,0,0,0.0,0.0
101175,0,0,1500,1500,0,0,0.0,0.0
101185,0,0,1500,1500,0,0,0.0,0.0
101195,0,0,1500,1500,0,0,0.0,0.0
101206,0,0,1500,1500,0,0,0.0,0.0
101216,0,0,1500,1500,0,0,0.0,0.0
101226,0,0,1500,1500,0,0,0.0,0.0
101236,0,0,1500,1500,0,0,0.0,0.0
101246,0,0,1500,1500,0,0,0.0,0.0
101256,0,0,1500,1500,0,0,0.0,0.0
101266,0,0,1500,1500,0,0,0.0,0.0
101276,0,0,1500,1500,0,0,0.0,0.0
101286,0,0,1500,1500,0,0,0.0,0.0
101296,0,0,1500,1500,0,0,0.0,0.0
101306,0,0,1500,1500,0,0,0.0,0.0
101316,0,0,1500,1500,0,0,0.0,0.0
101326,0,0,1500,1500,0,0,0.0,0.0
101336,0,0,1500,1500,0,0,0.0,0.0
101346,0,0,1500,1500,0,0,0.0,0.0
101356,0,0,1500,1500,0,0,0.0,0.0
101366,0,0,1500,1500,0,0,0.0,0.0
101376,0,0,1500,1500,0,0,0.0,0.0
101386,0,0,1500,1500,0,0,0.0,0.0
101396,0,0,1500,1500,0,0,0.0,0.0
101406,0,0,1500,1500,0,0,0.0,0.0
101416,0,0,1500,1500,0,0,0.0,0.0
101426,0,0,1500,1500,0,0,0.0,0.0
101436,0,0,1500,1500,0,0,0.0,0.0
101446,0,0,1500,1500,0,0,0.0,0.0
101456,0,0,1500,1500,0,0,0.0,0.0
101466,0,0,1500,1500,0,0,0.0,0.0
101476,0,0,1500,1500,0,0,0.0,0.0
101486,0,0,1500,1500,0,0,0.0,0.0
101496,0,0,1500,1500,0,0,0.0,0.0
101506,0,0,1500,1500,0,0,0.0,0.0
101516,0,0,1500,1500,0,0,0.0,0.0
101526,0,0,1500,1500,0,0,0.0,0.0
101536,0,0,1500,1500,0,0,0.0,0.0
101547,0,0,1500,1500,0,0,0.0,0.0
101557,0,0,1500,1500,0,0,0.0,0.0
101567,0,0,1500,1500,0,0,0.0,0.0
101577,0,0,1500,1500,0,0,0.0,0.0
101587,0,0,1500,1500,0,0,0.0,0.0
101597,0,0,1500,1500,0,0,0.0,0.0
101607,0,0,1500,1500,0,0,0.0,0.0
101617,0,0,1500,1500,0,0,0.0,0.0
101627,0,0,1500,1500,0,0,0.0,0.0
101637,0,0,1500,1500,0,0,0.0,0.0
101647,0,0,1500,1500,0,0,0.0,0.0
101657,0,0,1500,1500,0,0,0.0,0.0
101667,0,0,1500,1500,0,0,0.0,0.0
101677,0,0,1500,1500,0,0,0.0,0.0
101687,0,0,1500,1500,0,0,0.0,0.0
101697,0,0,1500,1500,0,0,0.0,0.0
101707,0,0,1500,1500,0,0,0.0,0.0
101718,0,0,1500,1500,0,0,0.0,0.0
101728,0,0,1500,1500,0,0,0.0,0.0
101738,0,0,1500,1500,0,0,0.0,0.0
101748,0,0,1500,1500,0,0,0.0,0.0
101758,0,0,1500,1500,0,0,0.0,0.0
101768,0,0,1500,1500,0,0,0.0,0.0
101778,0,0,1500,1500,0,0,0.0,0.0
101788,0,0,1500,1500,0,0,0.0,0.0
101798,0,0,1500,1500,0,0,0.0,0.0
101808,0,0,1500,1500,0,0,0.0,0.0
101818,0,0,1500,1500,0,0,0.0,0.0
101828,0,0,1500,1500,0,0,0.0,0.0
101838,0,0,1500,1500,0,0,0.0,0.0
101848,0,0,1500,1500,0,0,0.0,0.0
101858,0,0,1500,1500,0,0,0.0,0.0
101868,0,0,1500,1500,0,0,0.0,0.0
101878,0,0,1500,1500,0,0,0.0,0.0
101888,0,0,1500,1500,0,0,0.0,0.0
101898,0,0,1500,1500,0,0,0.0,0.0
101908,0,0,1500,1500,0,0,0.0,0.0
101918,0,0,1500,1500,0,0,0.0,0.0
101928,0,0,1500,1500,0,0,0.0,0.0
101938,0,0,1500,1500,0,0,0.0,0.0
101948,0,0,1500,1500,0,0,0.0,0.0
101958,0,0,1500,1500,0,0,0.0,0.0
101968,0,0,1500,1500,0,0,0.0,0.0
101978,0,0,1500,1500,0,0,0.0,0.0
101988,0,0,1500,1500,0,0,0.0,0.0
101998,0,0,1500,1500,0,0,0.0,0.0
102008,0,0,1500,1500,0,0,0.0,0.0
102018,0,0,1500,1500,0,0,0.0,0.0
102028,0,0,1500,1500,0,0,0.0,0.0
102038,0,0,1500,1500,0,0,0.0,0.0
102048,0,0,1500,1500,0,0,0.0,0.0
102059,0,0,1500,1500,0,0,0.0,0.0
102069,0,0,1500,1500,0,0,0.0,0.0
102079,0,0,1500,1500,0,0,0.0,0.0
102089,0,0,1500,1500,0,0,0.0,0.0
102099,0,0,1500,1500,0,0,0.0,0.0
102109,0,0,1500,1500,0,0,0.0,0.0
102119,0,0,1500,1500,0,0,0.0,0.0
102129,0,0,1500,1500,0,0,0.0,0.0
102139,0,0,1500,1500,0,0,0.0,0.0
102149,0,0,1500,1500,0,0,0.0,0.0
102159,0,0,1500,1500,0,0,0.0,0.0
102169,0,0,1500,1500,0,0,0.0,0.0
102179,0,0,1500,1500,0,0,0.0,0.0
102189,0,0,1500,1500,0,0,0.0,0.0
102199,0,0,1500,1500,0,0,0.0,0.0
102209,0,0,1500,1500,0,0,0.0,0.0
102219,0,0,1500,1500,0,0,0.0,0.0
102230,0,0,1500,1500,0,0,0.0,0.0
102240,0,0,1500,1500,0,0,0.0,0.0
102250,0,0,1500,1500,0,0,0.0,0.0
102260,0,0,1500,1500,0,0,0.0,0.0
102270,0,0,1500,1500,0,0,0.0,0.0
102280,0,0,1500,1500,0,0,0.0,0.0
102290,0,0,1500,1500,0,0,0.0,0.0
102300,0,0,1500,1500,0,0,0.0,0.0
102310,0,0,1500,1500,0,0,0.0,0.0
102320,0,0,1500,1500,0,0,0.0,0.0
102330,0,0,1500,1500,0,0,0.0,0.0
102340,0,0,1500,1500,0,0,0.0,0.0
102350,0,0,1500,1500,0,0,0.0,0.0
102360,0,0,1500,1500,0,0,0.0,0.0
102370,0,0,1500,1500,0,0,0.0,0.0
102380,0,0,1500,1500,0,0,0.0,0.0
102390,0,0,1500,1500,0,0,0.0,0.0
102400,0,0,1500,1500,0,0,0.0,0.0
102410,0,0,1500,1500,0,0,0.0,0.0
102420,0,0,1500,1500,0,0,0.0,0.0
102430,0,0,1500,1500,0,0,0.0,0.0
102440,0,0,1500,1500,0,0,0.0,0.0
102450,0,0,1500,1500,0,0,0.0,0.0
102460,0,0,1500,1500,0,0,0.0,0.0
102470,0,0,1500,1500,0,0,0.0,0.0
102480,0,0,1500,1500,0,0,0.0,0.0
102490,0,0,1500,1500,0,0,0.0,0.0
102500,0,0,1500,1500,0,0,0.0,0.0
102510,0,0,1500,1500,0,0,0.0,0.0
102520,0,0,1500,1500,0,0,0.0,0.0
102530,0,0,1500,1500,0,0,0.0,0.0
102540,0,0,1500,1500,0,0,0.0,0.0
102550,0,0,1500,1500,0,0,0.0,0.0
102560,0,0,1500,1500,0,0,0.0,0.0
102571,0,0,1500,1500,0,0,0.0,0.0
102581,0,0,1500,1500,0,0,0.0,0.0
102591,0,0,1500,1500,0,0,0.0,0.0
102601,0,0,1500,1500,0,0,0.0,0.0
102611,0,0,1500,1500,0,0,0.0,0.0
102621,0,0,1500,1500,0,0,0.0,0.0
102631,0,0,1500,1500,0,0,0.0,0.0
102641,0,0,1500,1500,0,0,0.0,0.0
102651,0,0,1500,1500,0,0,0.0,0.0
102661,0,0,1500,1500,0,0,0.0,0.0
102671,0,0,1500,1500,0,0,0.0,0.0
102681,0,0,1500,1500,0,0,0.0,0.0
102691,0,0,1500,1500,0,0,0.0,0.0
102701,0,0,1500,1500,0,0,0.0,0.0
102711,0,0,1500,1500,0,0,0.0,0.0
102721,0,0,1500,1500,0,0,0.0,0.0
102731,0,0,1500,1500,0,0,0.0,0.0
102742,0,0,1500,1500,0,0,0.0,0.0
102752,0,0,1500,1500,0,0,0.0,0.0
102762,0,0,1500,1500,0,0,0.0,0.0
102772,0,0,1500,1500,0,0,0.0,0.0
102782,0,0,1500,1500,0,0,0.0,0.0
102792,0,0,1500,1500,0,0,0.0,0.0
102802,0,0,1500,1500,0,0,0.0,0.0
102812,0,0,1500,1500,0,0,0.0,0.0
102822,0,0,1500,1500,0,0,0.0,0.0
102832,0,0,1500,1500,0,0,0.0,0.0
102842,0,0,1500,1500,0,0,0.0,0.0
102852,0,0,1500,1500,0,0,0.0,0.0
102862,0,0,1500,1500,0,0,0.0,0.0
102872,0,0,1500,1500,0,0,0.0,0.0
102882,0,0,1500,1500,0,0,0.0,0.0
102892,0,0,1500,1500,0,0,0.0,0.0
102902,0,0,1500,1500,0,0,0.0,0.0
102912,0,0,1500,1500,0,0,0.0,0.0
102922,0,0,1500,1500,0,0,0.0,0.0
102932,0,0,1500,1500,0,0,0.0,0.0
102942,0,0,1500,1500,0,0,0.0,0.0
102952,0,0,1500,1500,0,0,0.0,0.0
102962,0,0,1500,1500,0,0,0.0,0.0
102972,0,0,1500,1500,0,0,0.0,0.0
102982,0,0,1500,1500,0,0,0.0,0.0
102992,0,0,1500,1500,0,0,0.0,0.0
103002,0,0,1500,1500,0,0,0.0,0.0
103012,0,0,1500,1500,0,0,0.0,0.0
103022,0,0,1500,1500,0,0,0.0,0.0
103032,0,0,1500,1500,0,0,0.0,0.0
103042,0,0,1500,1500,0,0,0.0,0.0
103052,0,0,1500,1500,0,0,0.0,0.0
103062,0,0,1500,1500,0,0,0.0,0.0
103072,0,0,1500,1500,0,0,0.0,0.0
103083,0,0,1500,1500,0,0,0.0,0.0
103093,0,0,1500,1500,0,0,0.0,0.0
103103,0,0,1500,1500,0,0,0.0,0.0
103113,0,0,1500,1500,0,0,0.0,0.0
103123,0,0,1500,1500,0,0,0.0,0.0
103133,0,0,1500,1500,0,0,0.0,0.0
103143,0,0,1500,1500,0,0,0.0,0.0
103153,0,0,1500,1500,0,0,0.0,0.0
103163,0,0,1500,1500,0,0,0.0,0.0
103173,0,0,1500,1500,0,0,0.0,0.0
103183,0,0,1500,1500,0,0,0.0,0.0
103193,0,0,1500,1500,0,0,0.0,0.0
103203,0,0,1500,1500,0,0,0.0,0.0
103213,0,0,1500,1500,0,0,0.0,0.0
103223,0,0,1500,1500,0,0,0.0,0.0
103233,0,0,1500,1500,0,0,0.0,0.0
103243,0,0,1500,1500,0,0,0.0,0.0
103254,0,0,1500,1500,0,0,0.0,0.0
103264,0,0,1500,1500,0,0,0.0,0.0
103274,0,0,1500,1500,0,0,0.0,0.0
103284,0,0,1500,1500,0,0,0.0,0.0
103294,0,0,1500,1500,0,0,0.0,0.0
103304,0,0,1500,1500,0,0,0.0,0.0
103314,0,0,1500,1500,0,0,0.0,0.0
103324,0,0,1500,1500,0,0,0.0,0.0
103334,0,0,1500,1500,0,0,0.0,0.0
103344,0,0,1500,1500,0,0,0.0,0.0
103354,0,0,1500,1500,0,0,0.0,0.0
103364,0,0,1500,1500,0,0,0.0,0.0
103374,0,0,1500,1500,0,0,0.0,0.0
103384,0,0,1500,1500,0,0,0.0,0.0
103394,0,0,1500,1500,0,0,0.0,0.0
103404,0,0,1500,1500,0,0,0.0,0.0
103414,0,0,1500,1500,0,0,0.0,0.0
103424,0,0,1500,1500,0,0,0.0,0.0
103434,0,0,1500,1500,0,0,0.0,0.0
103444,0,0,1500,1500,0,0,0.0,0.0
103454,0,0,1500,1500,0,0,0.0,0.0
103464,0,0,1500,1500,0,0,0.0,0.0
103474,0,0,1500,1500,0,0,0.0,0.0
103484,0,0,1500,1500,0,0,0.0,0.0
103494,0,0,1500,1500,0,0,0.0,0.0
103504,0,0,1500,1500,0,0,0.0,0.0
103514,0,0,1500,1500,0,0,0.0,0.0
103524,0,0,1500,1500,0,0,0.0,0.0
103534,0,0,1500,1500,0,0,0.0,0.0
103544,0,0,1500,1500,0,0,0.0,0.0
103554,0,0,1500,1500,0,0,0.0,0.0
103564,0,0,1500,1500,0,0,0.0,0.0
103574,0,0,1500,1500,0,0,0.0,0.0
103584,0,0,1500,1500,0,0,0.0,0.0
103595,0,0,1500,1500,0,0,0.0,0.0
103605,0,0,1500,1500,0,0,0.0,0.0
103615,0,0,1500,1500,0,0,0.0,0.0
103625,0,0,1500,1500,0,0,0.0,0.0
103635,0,0,1500,1500,0,0,0.0,0.0
103645,0,0,1500,1500,0,0,0.0,0.0
103655,0,0,1500,1500,0,0,0.0,0.0
103665,0,0,1500,1500,0,0,0.0,0.0
103675,0,0,1500,1500,0,0,0.0,0.0
103685,0,0,1500,1500,0,0,0.0,0.0
103695,0,0,1500,1500,0,0,0.0,0.0
103705,0,0,1500,1500,0,0,0.0,0.0
103715,0,0,1500,1500,0,0,0.0,0.0
103725,0,0,1500,1500,0,0,0.0,0.0
103735,0,0,1500,1500,0,0,0.0,0.0
103745,0,0,1500,1500,0,0,0.0,0.0
103755,0,0,1500,1500,0,0,0.0,0.0
103766,0,0,1500,1500,0,0,0.0,0.0
103776,0,0,1500,1500,0,0,0.0,0.0
103786,0,0,1500,1500,0,0,0.0,0.0
103796,0,0,1500,1500,0,0,0.0,0.0
103806,0,0,1500,1500,0,0,0.0,0.0
103816,0,0,1500,1500,0,0,0.0,0.0
103826,0,0,1500,1500,0,0,0.0,0.0
103836,0,0,1500,1500,0,0,0.0,0.0
103846,0,0,1500,1500,0,0,0.0,0.0
103856,0,0,1500,1500,0,0,0.0,0.0
103866,0,0,1500,1500,0,0,0.0,0.0
103876,0,0,1500,1500,0,0,0.0,0.0
103886,0,0,1500,1500,0,0,0.0,0.0
103896,0,0,1500,1500,0,0,0.0,0.0
103906,0,0,1500,1500,0,0,0.0,0.0
103916,0,0,1500,1500,0,0,0.0,0.0
103926,0,0,1500,1500,0,0,0.0,0.0
103936,0,0,1500,1500,0,0,0.0,0.0
103946,0,0,1500,1500,0,0,0.0,0.0
103956,0,0,1500,1500,0,0,0.0,0.0
103966,0,0,1500,1500,0,0,0.0,0.0
103976,0,0,1500,1500,0,0,0.0,0.0
103986,0,0,1500,1500,0,0,0.0,0.0
103996,0,0,1500,1500,0,0,0.0,0.0
104006,0,0,1500,1500,0,0,0.0,0.0
104016,0,0,1500,1500,0,0,0.0,0.0
104026,0,0,1500,1500,0,0,0.0,0.0
104036,0,0,1500,1500,0,0,0.0,0.0
104046,0,0,1500,1500,0,0,0.0,0.0
104056,0,0,1500,1500,0,0,0.0,0.0
104066,0,0,1500,1500,0,0,0.0,0.0
104076,0,0,1500,1500,0,0,0.0,0.0
104086,0,0,1500,1500,0,0,0.0,0.0
104096,0,0,1500,1500,0,0,0.0,0.0
104107,0,0,1500,1500,0,0,0.0,0.0
104117,0,0,1500,1500,0,0,0.0,0.0
104127,0,0,1500,1500,0,0,0.0,0.0
104137,0,0,1500,1500,0,0,0.0,0.0
104147,0,0,1500,1500,0,0,0.0,0.0
104157,0,0,1500,1500,0,0,0.0,0.0
104167,0,0,1500,1500,0,0,0.0,0.0
104177,0,0,1500,1500,0,0,0.0,0.0
104187,0,0,1500,1500,0,0,0.0,0.0
104197,0,0,1500,1500,0,0,0.0,0.0
104207,0,0,1500,1500,0,0,0.0,0.0
104217,0,0,1500,1500,0,0,0.0,0.0
104227,0,0,1500,1500,0,0,0.0,0.0
104237,0,0,1500,1500,0,0,0.0,0.0
104247,0,0,1500,1500,0,0,0.0,0.0
104257,0,0,1500,1500,0,0,0.0,0.0
104267,0,0,1500,1500,0,0,0.0,0.0
104278,0,0,1500,1500,0,0,0.0,0.0
104288,0,0,1500,1500,0,0,0.0,0.0
104298,0,0,1500,1500,0,0,0.0,0.0
104308,0,0,1500,1500,0,0,0.0,0.0
104318,0,0,1500,1500,0,0,0.0,0.0
104328,0,0,1500,1500,0,0,0.0,0.0
104338,0,0,1500,1500,0,0,0.0,0.0
104348,0,0,1500,1500,0,0,0.0,0.0
104358,0,0,1500,1500,0,0,0.0,0.0
104368,0,0,1500,1500,0,0,0.0,0.0
104378,0,0,1500,1500,0,0,0.0,0.0
104388,0,0,1500,1500,0,0,0.0,0.0
104398,0,0,1500,1500,0,0,0.0,0.0
104408,0,0,1500,1500,0,0,0.0,0.0
104418,0,0,1500,1500,0,0,0.0,0.0
104428,0,0,1500,1500,0,0,0.0,0.0
104438,0,0,1500,1500,0,0,0.0,0.0
104448,0,0,1500,1500,0,0,0.0,0.0
104458,0,0,1500,1500,0,0,0.0,0.0
104468,0,0,1500,1500,0,0,0.0,0.0
104478,0,0,1500,1500,0,0,0.0,0.0
104488,0,0,1500,1500,0,0,0.0,0.0
104498,0,0,1500,1500,0,0,0.0,0.0
104508,0,0,1500,1500,0,0,0.0,0.0
104518,0,0,1500,1500,0,0,0.0,0.0
104528,0,0,1500,1500,0,0,0.0,0.0
104538,0,0,1500,1500,0,0,0.0,0.0
104548,0,0,1500,1500,0,0,0.0,0.0
104558,0,0,1500,1500,0,0,0.0,0.0
104568,0,0,1500,1500,0,0,0.0,0.0
104578,0,0,1500,1500,0,0,0.0,0.0
104588,0,0,1500,1500,0,0,0.0,0.0
104598,0,0,1500,1500,0,0,0.0,0.0
104608,0,0,1500,1500,0,0,0.0,0.0
104619,0,0,1500,1500,0,0,0.0,0.0
104629,0,0,1500,1500,0,0,0.0,0.0
104639,0,0,1500,1500,0,0,0.0,0.0
104649,0,0,1500,1500,0,0,0.0,0.0
104659,0,0,1500,1500,0,0,0.0,0.0
104669,0,0,1500,1500,0,0,0.0,0.0
104679,0,0,1500,1500,0,0,0.0,0.0
104689,0,0,1500,1500,0,0,0.0,0.0
104699,0,0,1500,1500,0,0,0.0,0.0
104709,0,0,1500,1500,0,0,0.0,0.0
104719,0,0,1500,1500,0,0,0.0,0.0
104729,0,0,1500,1500,0,0,0.0,0.0
104739,0,0,1500,1500,0,0,0.0,0.0
104749,0,0,1500,1500,0,0,0.0,0.0
104759,0,0,1500,1500,0,0,0.0,0.0
104769,0,0,1500,1500,0,0,0.0,0.0
104779,0,0,1500,1500,0,0,0.0,0.0
104790,0,0,1500,1500,0,0,0.0,0.0
104800,0,0,1500,1500,0,0,0.0,0.0
104810,0,0,1500,1500,0,0,0.0,0.0
104820,0,0,1500,1500,0,0,0.0,0.0
104830,0,0,1500,1500,0,0,0.0,0.0
104840,0,0,1500,1500,0,0,0.0,0.0
104850,0,0,1500,1500,0,0,0.0,0.0
104860,0,0,1500,1500,0,0,0.0,0.0
104870,0,0,1500,1500,0,0,0.0,0.0
104880,0,0,1500,1500,0,0,0.0,0.0
104890,0,0,1500,1500,0,0,0.0,0.0
104900,0,0,1500,1500,0,0,0.0,0.0
104910,0,0,1500,1500,0,0,0.0,0.0
104920,0,0,1500,1500,0,0,0.0,0.0
104930,0,0,1500,1500,0,0,0.0,0.0
104940,0,0,1500,1500,0,0,0.0,0.0
104950,0,0,1500,1500,0,0,0.0,0.0
104960,0,0,1500,1500,0,0,0.0,0.0
104970,0,0,1500,1500,0,0,0.0,0.0
104980,0,0,1500,1500,0,0,0.0,0.0
104990,0,0,1500,1500,0,0,0.0,0.0
105000,0,0,1500,1500,0,0,0.0,0.0
105010,0,0,1500,1500,0,0,0.0,0.0
105020,0,0,1500,1500,0,0,0.0,0.0
105030,0,0,1500,1500,0,0,0.0,0.0
105040,0,0,1500,1500,0,0,0.0,0.0
105050,0,0,1500,1500,0,0,0.0,0.0
105060,0,0,1500,1500,0,0,0.0,0.0
105070,0,0,1500,1500,0,0,0.0,0.0
105080,0,0,1500,1500,0,0,0.0,0.0
105090,0,0,1500,1500,0,0,0.0,0.0
105100,0,0,1500,1500,0,0,0.0,0.0
105110,0,0,1500,1500,0,0,0.0,0.0
105120,0,0,1500,1500,0,0,0.0,0.0
105131,0,0,1500,1500,0,0,0.0,0.0
105141,0,0,1500,1500,0,0,0.0,0.0
105151,0,0,1500,1500,0,0,0.0,0.0
105161,0,0,1500,1500,0,0,0.0,0.0
105171,0,0,1500,1500,0,0,0.0,0.0
105181,0,0,1500,1500,0,0,0.0,0.0
105191,0,0,1500,1500,0,0,0.0,0.0
105201,0,0,1500,1500,0,0,0.0,0.0
105211,0,0,1500,1500,0,0,0.0,0.0
105221,0,0,1500,1500,0,0,0.0,0.0
105231,0,0,1500,1500,0,0,0.0,0.0
105241,0,0,1500,1500,0,0,0.0,0.0
105251,0,0,1500,1500,0,0,0.0,0.0
105261,0,0,1500,1500,0,0,0.0,0.0
105271,0,0,1500,1500,0,0,0.0,0.0
105281,0,0,1500,1500,0,0,0.0,0.0
105291,0,0,1500,1500,0,0,0.0,0.0
105302,0,0,1500,1500,0,0,0.0,0.0
105312,0,0,1500,1500,0,0,0.0,0.0
105322,0,0,1500,1500,0,0,0.0,0.0
105332,0,0,1500,1500,0,0,0.0,0.0
105342,0,0,1500,1500,0,0,0.0,0.0
105352,0,0,1500,1500,0,0,0.0,0.0
105362,0,0,1500,1500,0,0,0.0,0.0
105372,0,0,1500,1500,0,0,0.0,0.0
105382,0,0,1500,1500,0,0,0.0,0.0
105392,0,0,1500,1500,0,0,0.0,0.0
105402,0,0,1500,1500,0,0,0.0,0.0
105412,0,0,1500,1500,0,0,0.0,0.0
105422,0,0,1500,1500,0,0,0.0,0.0
105432,0,0,1500,1500,0,0,0.0,0.0
105442,0,0,1500,1500,0,0,0.0,0.0
105452,0,0,1500,1500,0,0,0.0,0.0
105462,0,0,1500,1500,0,0,0.0,0.0
105472,0,0,1500,1500,0,0,0.0,0.0
105482,0,0,1500,1500,0,0,0.0,0.0
105492,0,0,1500,1500,0,0,0.0,0.0
105502,0,0,1500,1500,0,0,0.0,0.0
105512,0,0,1500,1500,0,0,0.0,0.0
105522,0,0,1500,1500,0,0,0.0,0.0
105532,0,0,1500,1500,0,0,0.0,0.0
105542,0,0,1500,1500,0,0,0.0,0.0
105552,0,0,1500,1500,0,0,0.0,0.0
105562,0,0,1500,1500,0,0,0.0,0.0
105572,0,0,1500,1500,0,0,0.0,0.0
105582,0,0,1500,1500,0,0,0.0,0.0
105592,0,0,1500,1500,0,0,0.0,0.0
105602,0,0,1500,1500,0,0,0.0,0.0
105612,0,0,1500,1500,0,0,0.0,0.0
105622,0,0,1500,1500,0,0,0.0,0.0
105632,0,0,1500,1500,0,0,0.0,0.0
105643,0,0,1500,1500,0,0,0.0,0.0
105653,0,0,1500,1500,0,0,0.0,0.0
105663,0,0,1500,1500,0,0,0.0,0.0
105673,0,0,1500,1500,0,0,0.0,0.0
105683,0,0,1500,1500,0,0,0.0,0.0
105693,0,0,1500,1500,0,0,0.0,0.0
105703,0,0,1500,1500,0,0,0.0,0.0
105713,0,0,1500,1500,0,0,0.0,0.0
105723,0,0,1500,1500,0,0,0.0,0.0
105733,0,0,1500,1500,0,0,0.0,0.0
105743,0,0,1500,1500,0,0,0.0,0.0
105753,0,0,1500,1500,0,0,0.0,0.0
105763,0,0,1500,1500,0,0,0.0,0.0
105773,0,0,1500,1500,0,0,0.0,0.0
105783,0,0,1500,1500,0,0,0.0,0.0
105793,0,0,1500,1500,0,0,0.0,0.0
105803,0,0,1500,1500,0,0,0.0,0.0
105814,0,0,1500,1500,0,0,0.0,0.0
105824,0,0,1500,1500,0,0,0.0,0.0
105834,0,0,1500,1500,0,0,0.0,0.0
105844,0,0,1500,1500,0,0,0.0,0.0
105854,0,0,1500,1500,0,0,0.0,0.0
105864,0,0,1500,1500,0,0,0.0,0.0
105874,0,0,1500,1500,0,0,0.0,0.0
105884,0,0,1500,1500,0,0,0.0,0.0
105894,0,0,1500,1500,0,0,0.0,0.0
105904,0,0,1500,1500,0,0,0.0,0.0
105914,0,0,1500,1500,0,0,0.0,0.0
105924,0,0,1500,1500,0,0,0.0,0.0
105934,0,0,1500,1500,0,0,0.0,0.0
105944,0,0,1500,1500,0,0,0.0,0.0
105954,0,0,1500,1500,0,0,0.0,0.0
105964,0,0,1500,1500,0,0,0.0,0.0
105974,0,0,1500,1500,0,0,0.0,0.0
105984,0,0,1500,1500,0,0,0.0,0.0
105994,0,0,1500,1500,0,0,0.0,0.0
106004,0,0,1500,1500,0,0,0.0,0.0
106014,0,0,1500,1500,0,0,0.0,0.0
106024,0,0,1500,1500,0,0,0.0,0.0
106034,0,0,1500,1500,0,0,0.0,0.0
106044,0,0,1500,1500,0,0,0.0,0.0
106054,0,0,1500,1500,0,0,0.0,0.0
106064,0,0,1500,1500,0,0,0.0,0.0
106074,0,0,1500,1500,0,0,0.0,0.0
106084,0,0,1500,1500,0,0,0.0,0.0
106094,0,0,1500,1500,0,0,0.0,0.0
106104,0,0,1500,1500,0,0,0.0,0.0
106114,0,0,1500,1500,0,0,0.0,0.0
106124,0,0,1500,1500,0,0,0.0,0.0
106134,0,0,1500,1500,0,0,0.0,0.0
106144,0,0,1500,1500,0,0,0.0,0.0
106155,0,0,1500,1500,0,0,0.0,0.0
106165,0,0,1500,1500,0,0,0.0,0.0
106175,0,0,1500,1500,0,0,0.0,0.0
106185,0,0,1500,1500,0,0,0.0,0.0
106195,0,0,1500,1500,0,0,0.0,0.0
106205,0,0,1500,1500,0,0,0.0,0.0
106215,0,0,1500,1500,0,0,0.0,0.0
106225,0,0,1500,1500,0,0,0.0,0.0
106235,0,0,1500,1500,0,0,0.0,0.0
106245,0,0,1500,1500,0,0,0.0,0.0
106255,0,0,1500,1500,0,0,0.0,0.0
106265,0,0,1500,1500,0,0,0.0,0.0
106275,0,0,1500,1500,0,0,0.0,0.0
106285,0,0,1500,1500,0,0,0.0,0.0
106295,0,0,1500,1500,0,0,0.0,0.0
106305,0,0,1500,1500,0,0,0.0,0.0
106315,0,0,1500,1500,0,0,0.0,0.0
106326,0,0,1500,1500,0,0,0.0,0.0
106336,0,0,1500,1500,0,0,0.0,0.0
106346,0,0,1500,1500,0,0,0.0,0.0
106356,0,0,1500,1500,0,0,0.0,0.0
106366,0,0,1500,1500,0,0,0.0,0.0
106376,0,0,1500,1500,0,0,0.0,0.0
106386,0,0,1500,1500,0,0,0.0,0.0
106396,0,0,1500,1500,0,0,0.0,0.0
106406,0,0,1500,1500,0,0,0.0,0.0
106416,0,0,1500,1500,0,0,0.0,0.0
106426,0,0,1500,1500,0,0,0.0,0.0
106436,0,0,1500,1500,0,0,0.0,0.0
106446,0,0,1500,1500,0,0,0.0,0.0
106456,0,0,1500,1500,0,0,0.0,0.0
106466,0,0,1500,1500,0,0,0.0,0.0
106476,0,0,1500,1500,0,0,0.0,0.0
106486,0,0,1500,1500,0,0,0.0,0.0
106496,0,0,1500,1500,0,0,0.0,0.0
106506,0,0,1500,1500,0,0,0.0,0.0
106516,0,0,1500,1500,0,0,0.0,0.0
106526,0,0,1500,1500,0,0,0.0,0.0
106536,0,0,1500,1500,0,0,0.0,0.0
106546,0,0,1500,1500,0,0,0.0,0.0
106556,0,0,1500,1500,0,0,0.0,0.0
106566,0,0,1500,1500,0,0,0.0,0.0
106576,0,0,1500,1500,0,0,0.0,0.0
106586,0,0,1500,1500,0,0,0.0,0.0
106596,0,0,1500,1500,0,0,0.0,0.0
106606,0,0,1500,1500,0,0,0.0,0.0
106616,0,0,1500,1500,0,0,0.0,0.0
106626,0,0,1500,1500,0,0,0.0,0.0
106636,0,0,1500,1500,0,0,0.0,0.0
106646,0,0,1500,1500,0,0,0.0,0.0
106656,0,0,1500,1500,0,0,0.0,0.0
106667,0,0,1500,1500,0,0,0.0,0.0
106677,0,0,1500,1500,0,0,0.0,0.0
106687,0,0,1500,1500,0,0,0.0,0.0
106697,0,0,1500,1500,0,0,0.0,0.0
106707,0,0,1500,1500,0,0,0.0,0.0
106717,0,0,1500,1500,0,0,0.0,0.0
106727,0,0,1500,1500,0,0,0.0,0.0
106737,0,0,1500,1500,0,0,0.0,0.0
106747,0,0,1500,1500,0,0,0.0,0.0
106757,0,0,1500,1500,0,0,0.0,0.0
106767,0,0,1500,1500,0,0,0.0,0.0
106777,0,0,1500,1500,0,0,0.0,0.0
106787,0,0,1500,1500,0,0,0.0,0.0
106797,0,0,1500,1500,0,0,0.0,0.0
106807,0,0,1500,1500,0,0,0.0,0.0
106817,0,0,1500,1500,0,0,0.0,0.0
106827,0,0,1500,1500,0,0,0.0,0.0
106838,0,0,1500,1500,0,0,0.0,0.0
106848,0,0,1500,1500,0,0,0.0,0.0
106858,0,0,1500,1500,0,0,0.0,0.0
106868,0,0,1500,1500,0,0,0.0,0.0
106878,0,0,1500,1500,0,0,0.0,0.0
106888,0,0,1500,1500,0,0,0.0,0.0
106898,0,0,1500,1500,0,0,0.0,0.0
106908,0,0,1500,1500,0,0,0.0,0.0
106918,0,0,1500,1500,0,0,0.0,0.0
106928,0,0,1500,1500,0,0,0.0,0.0
106938,0,0,1500,1500,0,0,0.0,0.0
106948,0,0,1500,1500,0,0,0.0,0.0
106958,0,0,1500,1500,0,0,0.0,0.0
106968,0,0,1500,1500,0,0,0.0,0.0
106978,0,0,1500,1500,0,0,0.0,0.0
106988,0,0,1500,1500,0,0,0.0,0.0
106998,0,0,1500,1500,0,0,0.0,0.0
107008,0,0,1500,1500,0,0,0.0,0.0
107018,0,0,1500,1500,0,0,0.0,0.0
107028,0,0,1500,1500,0,0,0.0,0.0
107038,0,0,1500,1500,0,0,0.0,0.0
107048,0,0,1500,1500,0,0,0.0,0.0
107058,0,0,1500,1500,0,0,0.0,0.0
107068,0,0,1500,1500,0,0,0.0,0.0
107078,0,0,1500,1500,0,0,0.0,0.0
107088,0,0,1500,1500,0,0,0.0,0.0
107098,0,0,1500,1500,0,0,0.0,0.0
107108,0,0,1500,1500,0,0,0.0,0.0
107118,0,0,1500,1500,0,0,0.0,0.0
107128,0,0,1500,1500,0,0,0.0,0.0
107138,0,0,1500,1500,0,0,0.0,0.0
107148,0,0,1500,1500,0,0,0.0,0.0
107158,0,0,1500,1500,0,0,0.0,0.0
107168,0,0,1500,1500,0,0,0.0,0.0
107179,0,0,1500,1500,0,0,0.0,0.0
107189,0,0,1500,1500,0,0,0.0,0.0
107199,0,0,1500,1500,0,0,0.0,0.0
107209,0,0,1500,1500,0,0,0.0,0.0
107219,0,0,1500,1500,0,0,0.0,0.0
107229,0,0,1500,1500,0,0,0.0,0.0
107239,0,0,1500,1500,0,0,0.0,0.0
107249,0,0,1500,1500,0,0,0.0,0.0
107259,0,0,1500,1500,0,0,0.0,0.0
107269,0,0,1500,1500,0,0,0.0,0.0
107279,0,0,1500,1500,0,0,0.0,0.0
107289,0,0,1500,1500,0,0,0.0,0.0
107299,0,0,1500,1500,0,0,0.0,0.0
107309,0,0,1500,1500,0,0,0.0,0.0
107319,0,0,1500,1500,0,0,0.0,0.0
107329,0,0,1500,1500,0,0,0.0,0.0
107339,0,0,1500,1500,0,0,0.0,0.0
107350,0,0,1500,1500,0,0,0.0,0.0
107360,0,0,1500,1500,0,0,0.0,0.0
107370,0,0,1500,1500,0,0,0.0,0.0
107380,0,0,1500,1500,0,0,0.0,0.0
107390,0,0,1500,1500,0,0,0.0,0.0
107400,0,0,1500,1500,0,0,0.0,0.0
107410,0,0,1500,1500,0,0,0.0,0.0
107420,0,0,1500,1500,0,0,0.0,0.0
107430,0,0,1500,1500,0,0,0.0,0.0
107440,0,0,1500,1500,0,0,0.0,0.0
107450,0,0,1500,1500,0,0,0.0,0.0
107460,0,0,1500,1500,0,0,0.0,0.0
107470,0,0,1500,1500,0,0,0.0,0.0
107480,0,0,1500,1500,0,0,0.0,0.0
107490,0,0,1500,1500,0,0,0.0,0.0
107500,0,0,1500,1500,0,0,0.0,0.0
107510,0,0,1500,1500,0,0,0.0,0.0
107520,0,0,1500,1500,0,0,0.0,0.0
107530,0,0,1500,1500,0,0,0.0,0.0
107540,0,0,1500,1500,0,0,0.0,0.0
107550,0,0,1500,1500,0,0,0.0,0.0
107560,0,0,1500,1500,0,0,0.0,0.0
107570,0,0,1500,1500,0,0,0.0,0.0
107580,0,0,1500,1500,0,0,0.0,0.0
107590,0,0,1500,1500,0,0,0.0,0.0
107600,0,0,1500,1500,0,0,0.0,0.0
107610,0,0,1500,1500,0,0,0.0,0.0
107620,0,0,1500,1500,0,0,0.0,0.0
107630,0,0,1500,1500,0,0,0.0,0.0
107640,0,0,1500,1500,0,0,0.0,0.0
107650,0,0,1500,1500,0,0,0.0,0.0
107660,0,0,1500,1500,0,0,0.0,0.0
107670,0,0,1500,1500,0,0,0.0,0.0
107680,0,0,1500,1500,0,0,0.0,0.0
107691,0,0,1500,1500,0,0,0.0,0.0
107701,0,0,1500,1500,0,0,0.0,0.0
107711,0,0,1500,1500,0,0,0.0,0.0
107721,0,0,1500,1500,0,0,0.0,0.0
107731,0,0,1500,1500,0,0,0.0,0.0
107741,0,0,1500,1500,0,0,0.0,0.0
107751,0,0,1500,1500,0,0,0.0,0.0
107761,0,0,1500,1500,0,0,0.0,0.0
107771,0,0,1500,1500,0,0,0.0,0.0
107781,0,0,1500,1500,0,0,0.0,0.0
107791,0,0,1500,1500,0,0,0.0,0.0
107801,0,0,1500,1500,0,0,0.0,0.0
107811,0,0,1500,1500,0,0,0.0,0.0
107821,0,0,1500,1500,0,0,0.0,0.0
107831,0,0,1500,1500,0,0,0.0,0.0
107841,0,0,1500,1500,0,0,0.0,0.0
107851,0,0,1500,1500,0,0,0.0,0.0
107862,0,0,1500,1500,0,0,0.0,0.0
107872,0,0,1500,1500,0,0,0.0,0.0
107882,0,0,1500,1500,0,0,0.0,0.0
107892,0,0,1500,1500,0,0,0.0,0.0
107902,0,0,1500,1500,0,0,0.0,0.0
107912,0,0,1500,1500,0,0,0.0,0.0
107922,0,0,1500,1500,0,0,0.0,0.0
107932,0,0,1500,1500,0,0,0.0,0.0
107942,0,0,1500,1500,0,0,0.0,0.0
107952,0,0,1500,1500,0,0,0.0,0.0
107962,0,0,1500,1500,0,0,0.0,0.0
107972,0,0,1500,1500,0,0,0.0,0.0
107982,0,0,1500,1500,0,0,0.0,0.0
107992,0,0,1500,1500,0,0,0.0,0.0
108002,0,0,1500,1500,0,0,0.0,0.0
108012,0,0,1500,1500,0,0,0.0,0.0
108022,0,0,1500,1500,0,0,0.0,0.0
108032,0,0,1500,1500,0,0,0.0,0.0
108042,0,0,1500,1500,0,0,0.0,0.0
108052,0,0,1500,1500,0,0,0.0,0.0
108062,0,0,1500,1500,0,0,0.0,0.0
108072,0,0,1500,1500,0,0,0.0,0.0
108082,0,0,1500,1500,0,0,0.0,0.0
108092,0,0,1500,1500,0,0,0.0,0.0
108102,0,0,1500,1500,0,0,0.0,0.0
108112,0,0,1500,1500,0,0,0.0,0.0
108122,0,0,1500,1500,0,0,0.0,0.0
108132,0,0,1500,1500,0,0,0.0,0.0
108142,0,0,1500,1500,0,0,0.0,0.0
108152,0,0,1500,1500,0,0,0.0,0.0
108162,0,0,1500,1500,0,0,0.0,0.0
108172,0,0,1500,1500,0,0,0.0,0.0
108182,0,0,1500,1500,0,0,0.0,0.0
108192,0,0,1500,1500,0,0,0.0,0.0
108203,0,0,1500,1500,0,0,0.0,0.0
108213,0,0,1500,1500,0,0,0.0,0.0
108223,0,0,1500,1500,0,0,0.0,0.0
108233,0,0,1500,1500,0,0,0.0,0.0
108243,0,0,1500,1500,0,0,0.0,0.0
108253,0,0,1500,1500,0,0,0.0,0.0
108263,0,0,1500,1500,0,0,0.0,0.0
108273,0,0,1500,1500,0,0,0.0,0.0
108283,0,0,1500,1500,0,0,0.0,0.0
108293,0,0,1500,1500,0,0,0.0,0.0
108303,0,0,1500,1500,0,0,0.0,0.0
108313,0,0,1500,1500,0,0,0.0,0.0
108323,0,0,1500,1500,0,0,0.0,0.0
108333,0,0,1500,1500,0,0,0.0,0.0
108343,0,0,1500,1500,0,0,0.0,0.0
108353,0,0,1500,1500,0,0,0.0,0.0
108363,0,0,1500,1500,0,0,0.0,0.0
108374,0,0,1500,1500,0,0,0.0,0.0
108384,0,0,1500,1500,0,0,0.0,0.0
108394,0,0,1500,1500,0,0,0.0,0.0
108404,0,0,1500,1500,0,0,0.0,0.0
108414,0,0,1500,1500,0,0,0.0,0.0
108424,0,0,1500,1500,0,0,0.0,0.0
108434,0,0,1500,1500,0,0,0.0,0.0
108444,0,0,1500,1500,0,0,0.0,0.0
108454,0,0,1500,1500,0,0,0.0,0.0
108464,0,0,1500,1500,0,0,0.0,0.0
108474,0,0,1500,1500,0,0,0.0,0.0
108484,0,0,1500,1500,0,0,0.0,0.0
108494,0,0,1500,1500,0,0,0.0,0.0
108504,0,0,1500,1500,0,0,0.0,0.0
108514,0,0,1500,1500,0,0,0.0,0.0
108524,0,0,1500,1500,0,0,0.0,0.0
108534,0,0,1500,1500,0,0,0.0,0.0
108544,0,0,1500,1500,0,0,0.0,0.0
108554,0,0,1500,1500,0,0,0.0,0.0
108564,0,0,1500,1500,0,0,0.0,0.0
108574,0,0,1500,1500,0,0,0.0,0.0
108584,0,0,1500,1500,0,0,0.0,0.0
108594,0,0,1500,1500,0,0,0.0,0.0
108604,0,0,1500,1500,0,0,0.0,0.0
108614,0,0,1500,1500,0,0,0.0,0.0
108624,0,0,1500,1500,0,0,0.0,0.0
108634,0,0,1500,1500,0,0,0.0,0.0
108644,0,0,1500,1500,0,0,0.0,0.0
108654,0,0,1500,1500,0,0,0.0,0.0
108664,0,0,1500,1500,0,0,0.0,0.0
108674,0,0,1500,1500,0,0,0.0,0.0
108684,0,0,1500,1500,0,0,0.0,0.0
108694,0,0,1500,1500,0,0,0.0,0.0
108704,0,0,1500,1500,0,0,0.0,0.0
108715,0,0,1500,1500,0,0,0.0,0.0
108725,0,0,1500,1500,0,0,0.0,0.0
108735,0,0,1500,1500,0,0,0.0,0.0
108745,0,0,1500,1500,0,0,0.0,0.0
108755,0,0,1500,1500,0,0,0.0,0.0
108765,0,0,1500,1500,0,0,0.0,0.0
108775,0,0,1500,1500,0,0,0.0,0.0
108785,0,0,1500,1500,0,0,0.0,0.0
108795,0,0,1500,1500,0,0,0.0,0.0
108805,0,0,1500,1500,0,0,0.0,0.0
108815,0,0,1500,1500,0,0,0.0,0.0
108825,0,0,1500,1500,0,0,0.0,0.0
108835,0,0,1500,1500,0,0,0.0,0.0
108845,0,0,1500,1500,0,0,0.0,0.0
108855,0,0,1500,1500,0,0,0.0,0.0
108865,0,0,1500,1500,0,0,0.0,0.0
108875,0,0,1500,1500,0,0,0.0,0.0
108886,0,0,1500,1500,0,0,0.0,0.0
108896,0,0,1500,1500,0,0,0.0,0.0
108906,0,0,1500,1500,0,0,0.0,0.0
108916,0,0,1500,1500,0,0,0.0,0.0
108926,0,0,1500,1500,0,0,0.0,0.0
108936,0,0,1500,1500,0,0,0.0,0.0
108946,0,0,1500,1500,0,0,0.0,0.0
108956,0,0,1500,1500,0,0,0.0,0.0
108966,0,0,1500,1500,0,0,0.0,0.0
108976,0,0,1500,1500,0,0,0.0,0.0
108986,0,0,1500,1500,0,0,0.0,0.0
108996,0,0,1500,1500,0,0,0.0,0.0
109006,0,0,1500,1500,0,0,0.0,0.0
109016,0,0,1500,1500,0,0,0.0,0.0
109026,0,0,1500,1500,0,0,0.0,0.0
109036,0,0,1500,1500,0,0,0.0,0.0
109046,0,0,1500,1500,0,0,0.0,0.0
109056,0,0,1500,1500,0,0,0.0,0.0
109066,0,0,1500,1500,0,0,0.0,0.0
109076,0,0,1500,1500,0,0,0.0,0.0
109086,0,0,1500,1500,0,0,0.0,0.0
109096,0,0,1500,1500,0,0,0.0,0.0
109106,0,0,1500,1500,0,0,0.0,0.0
109116,0,0,1500,1500,0,0,0.0,0.0
109126,0,0,1500,1500,0,0,0.0,0.0
109136,0,0,1500,1500,0,0,0.0,0.0
109146,0,0,1500,1500,0,0,0.0,0.0
109156,0,0,1500,1500,0,0,0.0,0.0
109166,0,0,1500,1500,0,0,0.0,0.0
109176,0,0,1500,1500,0,0,0.0,0.0
109186,0,0,1500,1500,0,0,0.0,0.0
109196,0,0,1500,1500,0,0,0.0,0.0
109206,0,0,1500,1500,0,0,0.0,0.0
109216,0,0,1500,1500,0,0,0.0,0.0
109227,0,0,1500,1500,0,0,0.0,0.0
109237,0,0,1500,1500,0,0,0.0,0.0
109247,0,0,1500,1500,0,0,0.0,0.0
109257,0,0,1500,1500,0,0,0.0,0.0
109267,0,0,1500,1500,0,0,0.0,0.0
109277,0,0,1500,1500,0,0,0.0,0.0
109287,0,0,1500,1500,0,0,0.0,0.0
109297,0,0,1500,1500,0,0,0.0,0.0
109307,0,0,1500,1500,0,0,0.0,0.0
109317,0,0,1500,1500,0,0,0.0,0.0
109327,0,0,1500,1500,0,0,0.0,0.0
109337,0,0,1500,1500,0,0,0.0,0.0
109347,0,0,1500,1500,0,0,0.0,0.0
109357,0,0,1500,1500,0,0,0.0,0.0
109367,0,0,1500,1500,0,0,0.0,0.0
109377,0,0,1500,1500,0,0,0.0,0.0
109387,0,0,1500,1500,0,0,0.0,0.0
109398,0,0,1500,1500,0,0,0.0,0.0
109408,0,0,1500,1500,0,0,0.0,0.0
109418,0,0,1500,1500,0,0,0.0,0.0
109428,0,0,1500,1500,0,0,0.0,0.0
109438,0,0,1500,1500,0,0,0.0,0.0
109448,0,0,1500,1500,0,0,0.0,0.0
109458,0,0,1500,1500,0,0,0.0,0.0
109468,0,0,1500,1500,0,0,0.0,0.0
109478,0,0,1500,1500,0,0,0.0,0.0
109488,0,0,1500,1500,0,0,0.0,0.0
109498,0,0,1500,1500,0,0,0.0,0.0
109508,0,0,1500,1500,0,0,0.0,0.0
109518,0,0,1500,1500,0,0,0.0,0.0
109528,0,0,1500,1500,0,0,0.0,0.0
109538,0,0,1500,1500,0,0,0.0,0.0
109548,0,0,1500,1500,0,0,0.0,0.0
109558,0,0,1500,1500,0,0,0.0,0.0
109568,0,0,1500,1500,0,0,0.0,0.0
109578,0,0,1500,1500,0,0,0.0,0.0
109588,0,0,1500,1500,0,0,0.0,0.0
109598,0,0,1500,1500,0,0,0.0,0.0
109608,0,0,1500,1500,0,0,0.0,0.0
109618,0,0,1500,1500,0,0,0.0,0.0
109628,0,0,1500,1500,0,0,0.0,0.0
109638,0,0,1500,1500,0,0,0.0,0.0
109648,0,0,1500,1500,0,0,0.0,0.0
109658,0,0,1500,1500,0,0,0.0,0.0
109668,0,0,1500,1500,0,0,0.0,0.0
109678,0,0,1500,1500,0,0,0.0,0.0
109688,0,0,1500,1500,0,0,0.0,0.0
109698,0,0,1500,1500,0,0,0.0,0.0
109708,0,0,1500,1500,0,0,0.0,0.0
109718,0,0,1500,1500,0,0,0.0,0.0
109728,0,0,1500,1500,0,0,0.0,0.0
109739,0,0,1500,1500,0,0,0.0,0.0
109749,0,0,1500,1500,0,0,0.0,0.0
109759,0,0,1500,1500,0,0,0.0,0.0
109769,0,0,1500,1500,0,0,0.0,0.0
109779,0,0,1500,1500,0,0,0.0,0.0
109789,0,0,1500,1500,0,0,0.0,0.0
109799,0,0,1500,1500,0,0,0.0,0.0
109809,0,0,1500,1500,0,0,0.0,0.0
109819,0,0,1500,1500,0,0,0.0,0.0
109829,0,0,1500,1500,0,0,0.0,0.0
109839,0,0,1500,1500,0,0,0.0,0.0
109849,0,0,1500,1500,0,0,0.0,0.0
109859,0,0,1500,1500,0,0,0.0,0.0
109869,0,0,1500,1500,0,0,0.0,0.0
109879,0,0,1500,1500,0,0,0.0,0.0
109889,0,0,1500,1500,0,0,0.0,0.0
109899,0,0,1500,1500,0,0,0.0,0.0
109910,0,0,1500,1500,0,0,0.0,0.0
109920,0,0,1500,1500,0,0,0.0,0.0
109930,0,0,1500,1500,0,0,0.0,0.0
109940,0,0,1500,1500,0,0,0.0,0.0
109950,0,0,1500,1500,0,0,0.0,0.0
109960,0,0,1500,1500,0,0,0.0,0.0
109970,0,0,1500,1500,0,0,0.0,0.0
109980,0,0,1500,1500,0,0,0.0,0.0
109990,0,0,1500,1500,0,0,0.0,0.0
110000,0,0,1500,1500,0,0,0.0,0.0
110010,0,0,1500,1500,0,0,0.0,0.0
110020,0,0,1500,1500,0,0,0.0,0.0
110030,0,0,1500,1500,0,0,0.0,0.0
110040,0,0,1500,1500,0,0,0.0,0.0
110050,0,0,1500,1500,0,0,0.0,0.0
110060,0,0,1500,1500,0,0,0.0,0.0
110070,0,0,1500,1500,0,0,0.0,0.0
110080,0,0,1500,1500,0,0,0.0,0.0
110090,0,0,1500,1500,0,0,0.0,0.0
110100,0,0,1500,1500,0,0,0.0,0.0
110110,0,0,1500,1500,0,0,0.0,0.0
110120,0,0,1500,1500,0,0,0.0,0.0
110130,0,0,1500,1500,0,0,0.0,0.0
110140,0,0,1500,1500,0,0,0.0,0.0
110150,0,0,1500,1500,0,0,0.0,0.0
110160,0,0,1500,1500,0,0,0.0,0.0
110170,0,0,1500,1500,0,0,0.0,0.0
110180,0,0,1500,1500,0,0,0.0,0.0
110190,0,0,1500,1500,0,0,0.0,0.0
110200,0,0,1500,1500,0,0,0.0,0.0
110210,0,0,1500,1500,0,0,0.0,0.0
110220,0,0,1500,1500,0,0,0.0,0.0
110230,0,0,1500,1500,0,0,0.0,0.0
110240,0,0,1500,1500,0,0,0.0,0.0
110251,0,0,1500,1500,0,0,0.0,0.0
110261,0,0,1500,1500,0,0,0.0,0.0
110271,0,0,1500,1500,0,0,0.0,0.0
110281,0,0,1500,1500,0,0,0.0,0.0
110291,0,0,1500,1500,0,0,0.0,0.0
110301,0,0,1500,1500,0,0,0.0,0.0
110311,0,0,1500,1500,0,0,0.0,0.0
110321,0,0,1500,1500,0,0,0.0,0.0
110331,0,0,1500,1500,0,0,0.0,0.0
110341,0,0,1500,1500,0,0,0.0,0.0
110351,0,0,1500,1500,0,0,0.0,0.0
110361,0,0,1500,1500,0,0,0.0,0.0
110371,0,0,1500,1500,0,0,0.0,0.0
110381,0,0,1500,1500,0,0,0.0,0.0
110391,0,0,1500,1500,0,0,0.0,0.0
110401,0,0,1500,1500,0,0,0.0,0.0
110411,0,0,1500,1500,0,0,0.0,0.0
110422,0,0,1500,1500,0,0,0.0,0.0
110432,0,0,1500,1500,0,0,0.0,0.0
110442,0,0,1500,1500,0,0,0.0,0.0
110452,0,0,1500,1500,0,0,0.0,0.0
110462,0,0,1500,1500,0,0,0.0,0.0
110472,0,0,1500,1500,0,0,0.0,0.0
110482,0,0,1500,1500,0,0,0.0,0.0
110492,0,0,1500,1500,0,0,0.0,0.0
110502,0,0,1500,1500,0,0,0.0,0.0
110512,0,0,1500,1500,0,0,0.0,0.0
110522,0,0,1500,1500,0,0,0.0,0.0
110532,0,0,1500,1500,0,0,0.0,0.0
110542,0,0,1500,1500,0,0,0.0,0.0
110552,0,0,1500,1500,0,0,0.0,0.0
110562,0,0,1500,1500,0,0,0.0,0.0
110572,0,0,1500,1500,0,0,0.0,0.0
110582,0,0,1500,1500,0,0,0.0,0.0
110592,0,0,1500,1500,0,0,0.0,0.0
110602,0,0,1500,1500,0,0,0.0,0.0
110612,0,0,1500,1500,0,0,0.0,0.0
110622,0,0,1500,1500,0,0,0.0,0.0
110632,0,0,1500,1500,0,0,0.0,0.0
110642,0,0,1500,1500,0,0,0.0,0.0
110652,0,0,1500,1500,0,0,0.0,0.0
110662,0,0,1500,1500,0,0,0.0,0.0
110672,0,0,1500,1500,0,0,0.0,0.0
110682,0,0,1500,1500,0,0,0.0,0.0
110692,0,0,1500,1500,0,0,0.0,0.0
110702,0,0,1500,1500,0,0,0.0,0.0
110712,0,0,1500,1500,0,0,0.0,0.0
110722,0,0,1500,1500,0,0,0.0,0.0
110732,0,0,1500,1500,0,0,0.0,0.0
110742,0,0,1500,1500,0,0,0.0,0.0
110752,0,0,1500,1500,0,0,0.0,0.0
110763,0,0,1500,1500,0,0,0.0,0.0
110773,0,0,1500,1500,0,0,0.0,0.0
110783,0,0,1500,1500,0,0,0.0,0.0
110793,0,0,1500,1500,0,0,0.0,0.0
110803,0,0,1500,1500,0,0,0.0,0.0
110813,0,0,1500,1500,0,0,0.0,0.0
110823,0,0,1500,1500,0,0,0.0,0.0
110833,0,0,1500,1500,0,0,0.0,0.0
110843,0,0,1500,1500,0,0,0.0,0.0
110853,0,0,1500,1500,0,0,0.0,0.0
110863,0,0,1500,1500,0,0,0.0,0.0
110873,0,0,1500,1500,0,0,0.0,0.0
110883,0,0,1500,1500,0,0,0.0,0.0
110893,0,0,1500,1500,0,0,0.0,0.0
110903,0,0,1500,1500,0,0,0.0,0.0
110913,0,0,1500,1500,0,0,0.0,0.0
110923,0,0,1500,1500,0,0,0.0,0.0
110934,0,0,1500,1500,0,0,0.0,0.0
110944,0,0,1500,1500,0,0,0.0,0.0
110954,0,0,1500,1500,0,0,0.0,0.0
110964,0,0,1500,1500,0,0,0.0,0.0
110974,0,0,1500,1500,0,0,0.0,0.0
110984,0,0,1500,1500,0,0,0.0,0.0
110994,0,0,1500,1500,0,0,0.0,0.0
111004,0,0,1500,1500,0,0,0.0,0.0
111014,0,0,1500,1500,0,0,0.0,0.0
111024,0,0,1500,1500,0,0,0.0,0.0
111034,0,0,1500,1500,0,0,0.0,0.0
111044,0,0,1500,1500,0,0,0.0,0.0
111054,0,0,1500,1500,0,0,0.0,0.0
111064,0,0,1500,1500,0,0,0.0,0.0
111074,0,0,1500,1500,0,0,0.0,0.0
111084,0,0,1500,1500,0,0,0.0,0.0
111094,0,0,1500,1500,0,0,0.0,0.0
111104,0,0,1500,1500,0,0,0.0,0.0
111114,0,0,1500,1500,0,0,0.0,0.0
111124,0,0,1500,1500,0,0,0.0,0.0
111134,0,0,1500,1500,0,0,0.0,0.0
111144,0,0,1500,1500,0,0,0.0,0.0
111154,0,0,1500,1500,0,0,0.0,0.0
111164,0,0,1500,1500,0,0,0.0,0.0
111174,0,0,1500,1500,0,0,0.0,0.0
111184,170,0,1500,1500,-2,0,0.0,0.0
111194,170,170,1500,1500,-7,0,0.0,0.0
111204,170,170,1500,1500,-11,-1,0.0,0.0
111214,170,170,1500,1500,-11,-4,0.0,0.0
111224,170,170,1500,1500,-17,-8,0.0,0.0
111234,170,170,1500,1500,-19,-8,0.0,0.0
111244,170,170,1500,1500,-19,-10,0.0,0.0
111254,170,170,1500,1500,-22,-11,0.0,0.0
111264,170,170,1500,1500,-23,-13,0.0,0.0
111275,170,170,1500,1500,-23,-11,0.0,0.0
111285,170,170,1500,1500,-20,-14,0.0,0.0
111295,170,170,1500,1500,-20,-13,0.0,0.0
111305,170,170,1500,1500,-20,-16,0.0,0.0
111315,170,170,1500,1500,-22,-14,0.0,0.0
111325,170,170,1500,1500,-20,-16,0.0,0.0
111335,170,170,1500,1500,-23,-19,0.0,0.0
111345,170,170,1500,1500,-23,-20,0.0,0.0
111355,170,170,1500,1500,-23,-22,0.0,0.0
111365,170,170,1500,1500,-23,-19,0.0,0.0
111375,170,170,1500,1500,-25,-23,0.0,0.0
111385,170,170,1500,1500,-28,-23,0.0,0.0
111395,170,170,1500,1500,-28,-23,0.0,0.0
111405,170,170,1500,1500,-26,-21,0.0,0.0
111415,170,170,1500,1500,-22,-26,0.0,0.0
111425,170,170,1500,1500,-26,-26,0.0,0.0
111435,170,170,1500,1500,-26,-26,0.0,0.0
111446,170,170,1500,1500,-26,-26,0.0,0.0
111456,170,170,1500,1500,-28,-23,0.0,0.0
111466,170,170,1500,1500,-28,-28,0.0,0.0
111476,170,170,1500,1500,-28,-28,0.0,0.0
111486,170,170,1500,1500,-29,-29,0.0,0.0
111496,170,170,1500,1500,-28,-25,0.0,0.0
111506,170,170,1500,1500,-28,-28,0.0,0.0
111516,170,170,1500,1500,-28,-30,0.0,0.0
111526,170,170,1500,1500,-30,-29,0.0,0.0
111536,170,170,1500,1500,-29,-28,0.0,0.0
111546,170,170,1500,1500,-28,-29,0.0,0.0
111556,170,170,1500,1500,-29,-32,0.0,0.0
111566,170,170,1500,1500,-29,-29,0.0,0.0
111576,170,170,1500,1500,-26,-29,0.0,0.0
111586,170,170,1500,1500,-26,-29,0.0,0.0
111596,170,170,1500,1500,-29,-29,0.0,0.0
111606,170,170,1500,1500,-29,-32,0.0,0.0
111616,170,170,1500,1500,-28,-30,0.0,0.0
111626,170,170,1500,1500,-28,-28,0.0,0.0
111636,170,170,1500,1500,-29,-29,0.0,0.0
111646,170,170,1500,1500,-29,-30,0.0,0.0
111656,170,170,1500,1500,-29,-30,0.0,0.0
111666,170,170,1500,1500,-29,-28,0.0,0.0
111676,170,170,1500,1500,-29,-28,0.0,0.0
111686,170,170,1500,1500,-29,-28,0.0,0.0
111696,170,170,1500,1500,-28,-29,0.0,0.0
111706,170,170,1500,1500,-28,-25,0.0,0.0
111716,170,170,1500,1500,-28,-29,0.0,0.0
111726,170,170,1500,1500,-29,-29,0.0,0.0
111736,170,170,1500,1500,-32,-30,0.0,0.0
111746,170,170,1500,1500,-29,-25,0.0,0.0
111756,170,170,1500,1500,-28,-29,0.0,0.0
111766,170,170,1500,1500,-29,-29,0.0,0.0
111776,170,170,1500,1500,-30,-29,0.0,0.0
111787,170,170,1500,1500,-30,-29,0.0,0.0
111797,170,170,1500,1500,-28,-26,0.0,0.0
111807,170,170,1500,1500,-29,-29,0.0,0.0
111817,170,170,1500,1500,-29,-29,0.0,0.0
111827,170,170,1500,1500,-29,-30,0.0,0.0
111837,170,170,1500,1500,-28,-28,0.0,0.0
111847,170,170,1500,1500,-29,-29,0.0,0.0
111857,170,170,1500,1500,-29,-29,0.0,0.0
111867,170,170,1500,1500,-30,-32,0.0,0.0
111877,170,170,1500,1500,-28,-26,0.0,0.0
111887,170,170,1500,1500,-28,-32,0.0,0.0
111897,170,170,1500,1500,-30,-29,0.0,0.0
111907,170,170,1500,1500,-30,-29,0.0,0.0
111917,170,170,1500,1500,-30,-28,0.0,0.0
111927,170,170,1500,1500,-28,-30,0.0,0.0
111937,170,170,1500,1500,-30,-29,0.0,0.0
111947,170,170,1500,1500,-30,-32,0.0,0.0
111958,170,170,1500,1500,-30,-30,0.0,0.0
111968,170,170,1500,1500,-28,-28,0.0,0.0
111978,170,170,1500,1500,-30,-32,0.0,0.0
111988,170,170,1500,1500,-29,-32,0.0,0.0
111998,170,170,1500,1500,-30,-33,0.0,0.0
112008,170,170,1500,1500,-30,-29,0.0,0.0
112018,170,170,1500,1500,-28,-33,0.0,0.0
112028,170,170,1500,1500,-32,-32,0.0,0.0
112038,170,170,1500,1500,-29,-33,0.0,0.0
112048,170,170,1500,1500,-30,-30,0.0,0.0
112058,170,170,1500,1500,-28,-33,0.0,0.0
112068,170,170,1500,1500,-30,-33,0.0,0.0
112078,170,170,1500,1500,-32,-32,0.0,0.0
112088,170,170,1500,1500,-32,-29,0.0,0.0
112098,170,170,1500,1500,-28,-32,0.0,0.0
112108,170,170,1500,1500,-30,-32,0.0,0.0
112118,170,170,1500,1500,-30,-33,0.0,0.0
112128,170,170,1500,1500,-32,-30,0.0,0.0
112138,170,170,1500,1500,-30,-30,0.0,0.0
112148,170,170,1500,1500,-30,-32,0.0,0.0
112158,170,170,1500,1500,-29,-32,0.0,0.0
112168,170,170,1500,1500,-29,-30,0.0,0.0
112178,170,170,1500,1500,-30,-29,0.0,0.0
112188,170,170,1500,1500,-28,-30,0.0,0.0
112198,170,170,1500,1500,-30,-30,0.0,0.0
112208,170,170,1500,1500,-29,-32,0.0,0.0
112218,170,170,1500,1500,-29,-26,0.0,0.0
112228,170,170,1500,1500,-28,-29,0.0,0.0
112238,170,170,1500,1500,-30,-32,0.0,0.0
112248,170,170,1500,1500,-29,-29,0.0,0.0
112258,170,170,1500,1500,-30,-28,0.0,0.0
112268,170,170,1500,1500,-26,-32,0.0,0.0
112278,170,170,1500,1500,-29,-32,0.0,0.0
112288,170,170,1500,1500,-29,-30,0.0,0.0
112299,170,170,1500,1500,-30,-32,0.0,0.0
112309,170,170,1500,1500,-29,-29,0.0,0.0
112319,170,170,1500,1500,-30,-32,0.0,0.0
112329,170,170,1500,1500,-30,-32,0.0,0.0
112339,170,170,1500,1500,-30,-32,0.0,0.0
112349,170,170,1500,1500,-26,-29,0.0,0.0
112359,170,170,1500,1500,-26,-33,0.0,0.0
112369,170,170,1500,1500,-32,-33,0.0,0.0
112379,170,170,1500,1500,-32,-33,0.0,0.0
112389,170,170,1500,1500,-33,-30,0.0,0.0
112399,170,170,1500,1500,-29,-33,0.0,0.0
112409,170,170,1500,1500,-33,-33,0.0,0.0
112419,170,170,1500,1500,-33,-32,0.0,0.0
112429,170,170,1500,1500,-33,-30,0.0,0.0
112439,170,170,1500,1500,-29,-33,0.0,0.0
112449,170,170,1500,1500,-35,-32,0.0,0.0
112459,170,170,1500,1500,-33,-35,0.0,0.0
112470,170,170,1500,1500,-32,-32,0.0,0.0
112480,170,170,1500,1500,-33,-29,0.0,0.0
112490,170,170,1500,1500,-33,-33,0.0,0.0
112500,170,170,1500,1500,-33,-33,0.0,0.0
112510,170,170,1500,1500,-35,-35,0.0,0.0
112520,170,170,1500,1500,-30,-30,0.0,0.0
112530,170,170,1500,1500,-30,-33,0.0,0.0
112540,170,170,1500,1500,-33,-35,0.0,0.0
112550,170,170,1500,1500,-33,-35,0.0,0.0
112560,170,170,1500,1500,-35,-30,0.0,0.0
112570,170,170,1500,1500,-29,-33,0.0,0.0
112580,170,170,1500,1500,-32,-35,0.0,0.0
112590,170,170,1500,1500,-32,-35,0.0,0.0
112600,170,170,1500,1500,-32,-29,0.0,0.0
112610,170,170,1500,1500,-29,-35,0.0,0.0
112620,170,170,1500,1500,-30,-32,0.0,0.0
112630,170,170,1500,1500,-32,-35,0.0,0.0
112640,170,170,1500,1500,-26,-33,0.0,0.0
112650,170,170,1500,1500,-29,-30,0.0,0.0
112660,170,170,1500,1500,-30,-33,0.0,0.0
112670,170,170,1500,1500,-30,-33,0.0,0.0
112680,170,170,1500,1500,-30,-35,0.0,0.0
112690,170,170,1500,1500,-30,-29,0.0,0.0
112700,170,170,1500,1500,-32,-33,0.0,0.0
112710,170,170,1500,1500,-32,-33,0.0,0.0
112720,170,170,1500,1500,-32,-33,0.0,0.0
112730,170,170,1500,1500,-33,-30,0.0,0.0
112740,170,170,1500,1500,-29,-32,0.0,0.0
112750,170,170,1500,1500,-33,-33,0.0,0.0
112760,170,170,1500,1500,-30,-33,0.0,0.0
112770,170,170,1500,1500,-33,-29,0.0,0.0
112780,170,170,1500,1500,-32,-32,0.0,0.0
112790,170,170,1500,1500,-32,-33,0.0,0.0
112800,170,170,1500,1500,-32,-32,0.0,0.0
112811,170,170,1500,1500,-26,-33,0.0,0.0
112821,170,170,1500,1500,-26,-29,0.0,0.0
112831,170,170,1500,1500,-32,-32,0.0,0.0
112841,170,170,1500,1500,-32,-35,0.0,0.0
112851,170,170,1500,1500,-32,-35,0.0,0.0
112861,170,170,1500,1500,-32,-29,0.0,0.0
112871,170,170,1500,1500,-32,-35,0.0,0.0
112881,170,170,1500,1500,-32,-35,0.0,0.0
112891,170,170,1500,1500,-32,-35,0.0,0.0
112901,170,170,1500,1500,-33,-29,0.0,0.0
112911,170,170,1500,1500,-32,-35,0.0,0.0
112921,170,170,1500,1500,-32,-35,0.0,0.0
112931,170,170,1500,1500,-32,-35,0.0,0.0
112941,170,170,1500,1500,-29,-30,0.0,0.0
112951,170,170,1500,1500,-29,-33,0.0,0.0
112961,170,170,1500,1500,-32,-35,0.0,0.0
112971,170,170,1500,1500,-33,-33,0.0,0.0
112982,170,170,1500,1500,-33,-33,0.0,0.0
112992,170,170,1500,1500,-32,-29,0.0,0.0
113002,170,170,1500,1500,-32,-32,0.0,0.0
113012,170,170,1500,1500,-33,-33,0.0,0.0
113022,170,170,1500,1500,-32,-33,0.0,0.0
113032,170,170,1500,1500,-33,-29,0.0,0.0
113042,170,170,1500,1500,-32,-35,0.0,0.0
113052,170,170,1500,1500,-33,-33,0.0,0.0
113062,170,170,1500,1500,-33,-33,0.0,0.0
113072,170,170,1500,1500,-33,-29,0.0,0.0
113082,170,170,1500,1500,-33,-32,0.0,0.0
113092,170,170,1500,1500,-33,-33,0.0,0.0
113102,170,170,1500,1500,-33,-33,0.0,0.0
113112,170,170,1500,1500,-33,-29,0.0,0.0
113122,170,170,1500,1500,-32,-32,0.0,0.0
113132,170,170,1500,1500,-32,-32,0.0,0.0
113142,170,170,1500,1500,-30,-32,0.0,0.0
113152,170,170,1500,1500,-29,-33,0.0,0.0
113162,170,170,1500,1500,-29,-29,0.0,0.0
113172,170,170,1500,1500,-32,-33,0.0,0.0
113182,170,170,1500,1500,-29,-32,0.0,0.0
113192,170,170,1500,1500,-29,-32,0.0,0.0
113202,170,170,1500,1500,-32,-29,0.0,0.0
113212,170,170,1500,1500,-32,-32,0.0,0.0
113222,170,170,1500,1500,-32,-32,0.0,0.0
113232,170,170,1500,1500,-32,-30,0.0,0.0
113242,170,170,1500,1500,-30,-28,0.0,0.0
113252,170,170,1500,1500,-30,-30,0.0,0.0
113262,170,170,1500,1500,-30,-30,0.0,0.0
113272,170,170,1500,1500,-32,-30,0.0,0.0
113282,170,170,1500,1500,-30,-28,0.0,0.0
113292,170,170,1500,1500,-28,-32,0.0,0.0
113302,170,170,1500,1500,-29,-32,0.0,0.0
113312,170,170,1500,1500,-29,-32,0.0,0.0
113323,170,170,1500,1500,-28,-32,0.0,0.0
113333,170,170,1500,1500,-28,-30,0.0,0.0
113343,170,170,1500,1500,-32,-32,0.0,0.0
113353,170,170,1500,1500,-30,-33,0.0,0.0
113363,170,170,1500,1500,-30,-32,0.0,0.0
113373,170,170,1500,1500,-28,-29,0.0,0.0
113383,170,170,1500,1500,-28,-32,0.0,0.0
113393,170,170,1500,1500,-30,-32,0.0,0.0
113403,170,170,1500,1500,-30,-32,0.0,0.0
113413,170,170,1500,1500,-26,-29,0.0,0.0
113423,170,170,1500,1500,-30,-32,0.0,0.0
113433,170,170,1500,1500,-30,-32,0.0,0.0
113443,170,170,1500,1500,-30,-32,0.0,0.0
113453,170,170,1500,1500,-30,-29,0.0,0.0
113463,170,170,1500,1500,-28,-32,0.0,0.0
113473,170,170,1500,1500,-30,-35,0.0,0.0
113483,170,170,1500,1500,-29,-32,0.0,0.0
113494,170,170,1500,1500,-29,-32,0.0,0.0
113504,170,170,1500,1500,-29,-29,0.0,0.0
113514,170,170,1500,1500,-29,-32,0.0,0.0
113524,170,170,1500,1500,-30,-32,0.0,0.0
113534,170,170,1500,1500,-29,-32,0.0,0.0
113544,170,170,1500,1500,-28,-28,0.0,0.0
113554,170,170,1500,1500,-28,-32,0.0,0.0
113564,170,170,1500,1500,-30,-32,0.0,0.0
113574,170,170,1500,1500,-29,-30,0.0,0.0
113584,170,170,1500,1500,-29,-29,0.0,0.0
113594,170,170,1500,1500,-29,-32,0.0,0.0
113604,170,170,1500,1500,-30,-33,0.0,0.0
113614,170,170,1500,1500,-32,-30,0.0,0.0
113624,170,170,1500,1500,-32,-29,0.0,0.0
113634,170,170,1500,1500,-29,-32,0.0,0.0
113644,170,170,1500,1500,-33,-32,0.0,0.0
113654,170,170,1500,1500,-33,-32,0.0,0.0
113664,170,170,1500,1500,-28,-32,0.0,0.0
113674,170,170,1500,1500,-28,-28,0.0,0.0
113684,170,170,1500,1500,-29,-30,0.0,0.0
113694,170,170,1500,1500,-29,-32,0.0,0.0
113704,170,170,1500,1500,-32,-32,0.0,0.0
113714,170,170,1500,1500,-32,-29,0.0,0.0
113724,170,170,1500,1500,-28,-32,0.0,0.0
113734,170,170,1500,1500,-32,-32,0.0,0.0
113744,170,170,1500,1500,-32,-30,0.0,0.0
113754,170,170,1500,1500,-29,-28,0.0,0.0
113764,170,170,1500,1500,-29,-32,0.0,0.0
113774,170,170,1500,1500,-32,-32,0.0,0.0
113784,170,170,1500,1500,-30,-30,0.0,0.0
113794,170,170,1500,1500,-30,-28,0.0,0.0
113804,170,170,1500,1500,-29,-32,0.0,0.0
113814,170,170,1500,1500,-30,-30,0.0,0.0
113824,170,170,1500,1500,-30,-30,0.0,0.0
113835,170,170,1500,1500,-29,-29,0.0,0.0
113845,170,170,1500,1500,-28,-29,0.0,0.0
113855,170,170,1500,1500,-30,-30,0.0,0.0
113865,170,170,1500,1500,-30,-30,0.0,0.0
113875,170,170,1500,1500,-29,-32,0.0,0.0
113885,170,170,1500,1500,-26,-29,0.0,0.0
113895,170,170,1500,1500,-26,-32,0.0,0.0
113905,170,170,1500,1500,-32,-32,0.0,0.0
113915,170,170,1500,1500,-32,-33,0.0,0.0
113925,170,170,1500,1500,-32,-30,0.0,0.0
113935,170,170,1500,1500,-29,-32,0.0,0.0
113945,170,170,1500,1500,-32,-32,0.0,0.0
113955,170,170,1500,1500,-33,-33,0.0,0.0
113965,170,170,1500,1500,-29,-30,0.0,0.0
113975,170,170,1500,1500,-29,-33,0.0,0.0
113985,170,170,1500,1500,-33,-33,0.0,0.0
113995,170,170,1500,1500,-33,-32,0.0,0.0
114006,170,170,1500,1500,-33,-35,0.0,0.0
114016,170,170,1500,1500,-30,-30,0.0,0.0
114026,170,170,1500,1500,-33,-33,0.0,0.0
114036,170,170,1500,1500,-32,-35,0.0,0.0
114046,170,170,1500,1500,-32,-36,0.0,0.0
114056,170,170,1500,1500,-33,-30,0.0,0.0
114066,170,170,1500,1500,-29,-35,0.0,0.0
114076,170,170,1500,1500,-33,-35,0.0,0.0
114086,170,170,1500,1500,-32,-35,0.0,0.0
114096,170,170,1500,1500,-32,-32,0.0,0.0
114106,170,170,1500,1500,-29,-33,0.0,0.0
114116,170,170,1500,1500,-33,-33,0.0,0.0
114126,170,170,1500,1500,-32,-35,0.0,0.0
114136,170,170,1500,1500,-28,-32,0.0,0.0
114146,170,170,1500,1500,-28,-35,0.0,0.0
114156,170,170,1500,1500,-32,-33,0.0,0.0
114166,170,170,1500,1500,-30,-33,0.0,0.0
114176,170,170,1500,1500,-30,-35,0.0,0.0
114186,170,170,1500,1500,-29,-30,0.0,0.0
114196,170,170,1500,1500,-32,-33,0.0,0.0
114206,170,170,1500,1500,-29,-33,0.0,0.0
114216,170,170,1500,1500,-30,-33,0.0,0.0
114226,170,170,1500,1500,-32,-30,0.0,0.0
114236,170,170,1500,1500,-30,-33,0.0,0.0
114246,170,170,1500,1500,-30,-32,0.0,0.0
114256,170,170,1500,1500,-30,-33,0.0,0.0
114266,170,170,1500,1500,-30,-30,0.0,0.0
114276,170,170,1500,1500,-30,-32,0.0,0.0
114286,170,170,1500,1500,-32,-33,0.0,0.0
114296,170,170,1500,1500,-32,-32,0.0,0.0
114306,170,170,1500,1500,-35,-30,0.0,0.0
114316,170,170,1500,1500,-28,-32,0.0,0.0
114326,170,170,1500,1500,-30,-30,0.0,0.0
114336,170,170,1500,1500,-30,-32,0.0,0.0
114347,170,170,1500,1500,-28,-30,0.0,0.0
114357,170,170,1500,1500,-28,-29,0.0,0.0
114367,170,170,1500,1500,-33,-32,0.0,0.0
114377,170,170,1500,1500,-32,-33,0.0,0.0
114387,170,170,1500,1500,-32,-33,0.0,0.0
114397,170,170,1500,1500,-32,-29,0.0,0.0
114407,170,170,1500,1500,-29,-33,0.0,0.0
114417,170,170,1500,1500,-32,-33,0.0,0.0
114427,170,170,1500,1500,-33,-33,0.0,0.0
114437,170,170,1500,1500,-33,-30,0.0,0.0
114447,170,170,1500,1500,-29,-32,0.0,0.0
114457,170,170,1500,1500,-33,-35,0.0,0.0
114467,170,170,1500,1500,-33,-32,0.0,0.0
114477,170,170,1500,1500,-29,-30,0.0,0.0
114487,170,170,1500,1500,-32,-33,0.0,0.0
114497,170,170,1500,1500,-32,-32,0.0,0.0
114507,170,170,1500,1500,-33,-33,0.0,0.0
114518,170,170,1500,1500,-33,-33,0.0,0.0
114528,170,170,1500,1500,-32,-29,0.0,0.0
114538,170,170,1500,1500,-32,-35,0.0,0.0
114548,170,170,1500,1500,-35,-32,0.0,0.0
114558,170,170,1500,1500,-32,-35,0.0,0.0
114568,170,170,1500,1500,-29,-29,0.0,0.0
114578,170,170,1500,1500,-29,-35,0.0,0.0
114588,170,170,1500,1500,-33,-32,0.0,0.0
114598,170,170,1500,1500,-33,-33,0.0,0.0
114608,170,170,1500,1500,-33,-30,0.0,0.0
114618,170,170,1500,1500,-32,-33,0.0,0.0
114628,170,170,1500,1500,-32,-33,0.0,0.0
114638,170,170,1500,1500,-32,-35,0.0,0.0
114648,170,170,1500,1500,-29,-29,0.0,0.0
114658,170,170,1500,1500,-29,-35,0.0,0.0
114668,170,170,1500,1500,-30,-33,0.0,0.0
114678,170,170,1500,1500,-30,-33,0.0,0.0
114688,170,170,1500,1500,-30,-33,0.0,0.0
114698,170,170,1500,1500,-29,-30,0.0,0.0
114708,170,170,1500,1500,-29,-33,0.0,0.0
114718,170,170,1500,1500,-29,-33,0.0,0.0
114728,170,170,1500,1500,-32,-32,0.0,0.0
114738,170,170,1500,1500,-32,-29,0.0,0.0
114748,170,170,1500,1500,-28,-33,0.0,0.0
114758,170,170,1500,1500,-30,-33,0.0,0.0
114768,170,170,1500,1500,-30,-32,0.0,0.0
114778,170,170,1500,1500,-30,-28,0.0,0.0
114788,170,170,1500,1500,-28,-32,0.0,0.0
114798,170,170,1500,1500,-32,-32,0.0,0.0
114808,170,170,1500,1500,-29,-30,0.0,0.0
114818,170,170,1500,1500,-29,-29,0.0,0.0
114828,170,170,1500,1500,-28,-32,0.0,0.0
114838,170,170,1500,1500,-30,-32,0.0,0.0
114848,170,170,1500,1500,-29,-32,0.0,0.0
114859,170,170,1500,1500,-29,-32,0.0,0.0
114869,170,170,1500,1500,-29,-29,0.0,0.0
114879,170,170,1500,1500,-32,-33,0.0,0.0
114889,170,170,1500,1500,-30,-33,0.0,0.0
114899,170,170,1500,1500,-30,-32,0.0,0.0
114909,170,170,1500,1500,-26,-29,0.0,0.0
114919,170,170,1500,1500,-26,-32,0.0,0.0
114929,170,170,1500,1500,-32,-32,0.0,0.0
114939,170,170,1500,1500,-32,-33,0.0,0.0
114949,170,170,1500,1500,-26,-30,0.0,0.0
114959,170,170,1500,1500,-30,-32,0.0,0.0
114969,170,170,1500,1500,-30,-30,0.0,0.0
114979,170,170,1500,1500,-29,-32,0.0,0.0
114989,170,170,1500,1500,-29,-29,0.0,0.0
114999,170,170,1500,1500,-30,-32,0.0,0.0
115009,170,170,1500,1500,-30,-30,0.0,0.0
115019,170,170,1500,1500,-32,-32,0.0,0.0
115030,170,170,1500,1500,-26,-30,0.0,0.0
115040,170,170,1500,1500,-32,-28,0.0,0.0
115050,170,170,1500,1500,-32,-32,0.0,0.0
115060,170,170,1500,1500,-30,-30,0.0,0.0
115070,170,170,1500,1500,-30,-30,0.0,0.0
115080,170,170,1500,1500,-30,-29,0.0,0.0
115090,170,170,1500,1500,-30,-32,0.0,0.0
115100,170,170,1500,1500,-30,-30,0.0,0.0
115110,170,170,1500,1500,-30,-30,0.0,0.0
115120,170,170,1500,1500,-28,-29,0.0,0.0
115130,170,170,1500,1500,-28,-32,0.0,0.0
115140,170,170,1500,1500,-33,-32,0.0,0.0
115150,170,170,1500,1500,-32,-30,0.0,0.0
115160,170,170,1500,1500,-32,-28,0.0,0.0
115170,170,170,1500,1500,-29,-32,0.0,0.0
115180,170,170,1500,1500,-32,-32,0.0,0.0
115190,170,170,1500,1500,-33,-30,0.0,0.0
115200,170,170,1500,1500,-33,-30,0.0,0.0
115210,170,170,1500,1500,-30,-29,0.0,0.0
115220,170,170,1500,1500,-30,-32,0.0,0.0
115230,170,170,1500,1500,-30,-33,0.0,0.0
115240,170,170,1500,1500,-32,-30,0.0,0.0
115250,170,170,1500,1500,-30,-29,0.0,0.0
115260,170,170,1500,1500,-30,-32,0.0,0.0
115270,170,170,1500,1500,-30,-32,0.0,0.0
115280,170,170,1500,1500,-32,-32,0.0,0.0
115290,170,170,1500,1500,-26,-28,0.0,0.0
115300,170,170,1500,1500,-26,-30,0.0,0.0
115310,170,170,1500,1500,-30,-29,0.0,0.0
115320,170,170,1500,1500,-30,-32,0.0,0.0
115330,170,170,1500,1500,-29,-26,0.0,0.0
115340,170,170,1500,1500,-28,-32,0.0,0.0
115350,170,170,1500,1500,-28,-32,0.0,0.0
115360,170,170,1500,1500,-30,-30,0.0,0.0
115371,170,170,1500,1500,-29,-30,0.0,0.0
115381,170,170,1500,1500,-28,-29,0.0,0.0
115391,170,170,1500,1500,-28,-30,0.0,0.0
115401,170,170,1500,1500,-29,-30,0.0,0.0
115411,170,170,1500,1500,-29,-30,0.0,0.0
115421,170,170,1500,1500,-29,-26,0.0,0.0
115431,170,170,1500,1500,-28,-30,0.0,0.0
115441,170,170,1500,1500,-29,-30,0.0,0.0
115451,170,170,1500,1500,-29,-30,0.0,0.0
115461,170,170,1500,1500,-29,-29,0.0,0.0
115471,170,170,1500,1500,-28,-29,0.0,0.0
115481,170,170,1500,1500,-28,-32,0.0,0.0
115491,170,170,1500,1500,-28,-32,0.0,0.0
115501,170,170,1500,1500,-28,-29,0.0,0.0
115511,170,170,1500,1500,-28,-33,0.0,0.0
115521,170,170,1500,1500,-32,-33,0.0,0.0
115531,170,170,1500,1500,-30,-32,0.0,0.0
115542,170,170,1500,1500,-28,-33,0.0,0.0
115552,170,170,1500,1500,-32,-30,0.0,0.0
115562,170,170,1500,1500,-32,-33,0.0,0.0
115572,170,170,1500,1500,-32,-33,0.0,0.0
115582,170,170,1500,1500,-32,-33,0.0,0.0
115592,170,170,1500,1500,-32,-30,0.0,0.0
115602,170,170,1500,1500,-30,-35,0.0,0.0
115612,170,170,1500,1500,-33,-32,0.0,0.0
115622,170,170,1500,1500,-32,-35,0.0,0.0
115632,170,170,1500,1500,-33,-29,0.0,0.0
115642,170,170,1500,1500,-29,-35,0.0,0.0
115652,170,170,1500,1500,-30,-32,0.0,0.0
115662,170,170,1500,1500,-32,-35,0.0,0.0
115672,170,170,1500,1500,-32,-29,0.0,0.0
115682,170,170,1500,1500,-32,-33,0.0,0.0
115692,170,170,1500,1500,-32,-33,0.0,0.0
115702,170,170,1500,1500,-33,-33,0.0,0.0
115712,170,170,1500,1500,-32,-33,0.0,0.0
115722,170,170,1500,1500,-32,-29,0.0,0.0
115732,170,170,1500,1500,-32,-32,0.0,0.0
115742,170,170,1500,1500,-30,-33,0.0,0.0
115752,170,170,1500,1500,-30,-33,0.0,0.0
115762,170,170,1500,1500,-33,-29,0.0,0.0
115772,170,170,1500,1500,-32,-35,0.0,0.0
115782,170,170,1500,1500,-30,-32,0.0,0.0
115792,170,170,1500,1500,-32,-35,0.0,0.0
115802,170,170,1500,1500,-32,-29,0.0,0.0
115812,170,170,1500,1500,-29,-32,0.0,0.0
115822,170,170,1500,1500,-30,-33,0.0,0.0
115832,170,170,1500,1500,-33,-32,0.0,0.0
115842,170,170,1500,1500,-29,-29,0.0,0.0
115852,170,170,1500,1500,-29,-32,0.0,0.0
115862,170,170,1500,1500,-35,-30,0.0,0.0
115872,170,170,1500,1500,-32,-32,0.0,0.0
115883,170,170,1500,1500,-29,-32,0.0,0.0
115893,170,170,1500,1500,-29,-29,0.0,0.0
115903,170,170,1500,1500,-29,-32,0.0,0.0
115913,170,170,1500,1500,-29,-33,0.0,0.0
115923,170,170,1500,1500,-32,-33,0.0,0.0
115933,170,170,1500,1500,-32,-29,0.0,0.0
115943,170,170,1500,1500,-29,-33,0.0,0.0
115953,170,170,1500,1500,-30,-33,0.0,0.0
115963,170,170,1500,1500,-33,-32,0.0,0.0
115973,170,170,1500,1500,-28,-29,0.0,0.0
115983,170,170,1500,1500,-28,-32,0.0,0.0
115993,170,170,1500,1500,-32,-35,0.0,0.0
116003,170,170,1500,1500,-32,-32,0.0,0.0
116013,170,170,1500,1500,-33,-30,0.0,0.0
116023,170,170,1500,1500,-29,-33,0.0,0.0
116033,170,170,1500,1500,-32,-33,0.0,0.0
116043,170,170,1500,1500,-32,-33,0.0,0.0
116054,170,170,1500,1500,-28,-35,0.0,0.0
116064,170,170,1500,1500,-28,-29,0.0,0.0
116074,170,170,1500,1500,-32,-35,0.0,0.0
116084,170,170,1500,1500,-32,-33,0.0,0.0
116094,170,170,1500,1500,-32,-33,0.0,0.0
116104,170,170,1500,1500,-28,-30,0.0,0.0
116114,170,170,1500,1500,-28,-33,0.0,0.0
116124,170,170,1500,1500,-33,-32,0.0,0.0
116134,170,170,1500,1500,-33,-35,0.0,0.0
116144,170,170,1500,1500,-32,-29,0.0,0.0
116154,170,170,1500,1500,-29,-33,0.0,0.0
116164,170,170,1500,1500,-30,-33,0.0,0.0
116174,170,170,1500,1500,-30,-35,0.0,0.0
116184,170,170,1500,1500,-33,-29,0.0,0.0
116194,170,170,1500,1500,-29,-35,0.0,0.0
116204,170,170,1500,1500,-29,-32,0.0,0.0
116214,170,170,1500,1500,-29,-33,0.0,0.0
116224,170,170,1500,1500,-32,-32,0.0,0.0
116234,170,170,1500,1500,-28,-29,0.0,0.0
116244,170,170,1500,1500,-30,-30,0.0,0.0
116254,170,170,1500,1500,-30,-32,0.0,0.0
116264,170,170,1500,1500,-32,-32,0.0,0.0
116274,170,170,1500,1500,-30,-29,0.0,0.0
116284,170,170,1500,1500,-29,-30,0.0,0.0
116294,170,170,1500,1500,-29,-30,0.0,0.0
116304,170,170,1500,1500,-32,-32,0.0,0.0
116314,170,170,1500,1500,-30,-29,0.0,0.0
116324,170,170,1500,1500,-28,-32,0.0,0.0
116334,170,170,1500,1500,-32,-32,0.0,0.0
116344,170,170,1500,1500,-30,-32,0.0,0.0
116354,170,170,1500,1500,-28,-29,0.0,0.0
116364,170,170,1500,1500,-30,-30,0.0,0.0
116374,170,170,1500,1500,-32,-30,0.0,0.0
116384,170,170,1500,1500,-32,-29,0.0,0.0
116395,170,170,1500,1500,-32,-32,0.0,0.0
116405,170,170,1500,1500,-29,-26,0.0,0.0
116415,170,170,1500,1500,-30,-30,0.0,0.0
116425,170,170,1500,1500,-30,-30,0.0,0.0
116435,170,170,1500,1500,-32,-29,0.0,0.0
116445,170,170,1500,1500,-30,-29,0.0,0.0
116455,170,170,1500,1500,-26,-30,0.0,0.0
116465,170,170,1500,1500,-29,-32,0.0,0.0
116475,170,170,1500,1500,-29,-30,0.0,0.0
116485,170,170,1500,1500,-30,-29,0.0,0.0
116495,170,170,1500,1500,-28,-32,0.0,0.0
116505,170,170,1500,1500,-32,-32,0.0,0.0
116515,170,170,1500,1500,-30,-32,0.0,0.0
116525,170,170,1500,1500,-30,-28,0.0,0.0
116535,170,170,1500,1500,-28,-30,0.0,0.0
116545,170,170,1500,1500,-32,-32,0.0,0.0
116555,170,170,1500,1500,-30,-32,0.0,0.0
116566,170,170,1500,1500,-30,-30,0.0,0.0
116576,170,170,1500,1500,-28,-28,0.0,0.0
116586,170,170,1500,1500,-30,-29,0.0,0.0
116596,170,170,1500,1500,-30,-32,0.0,0.0
116606,170,170,1500,1500,-30,-32,0.0,0.0
116616,170,170,1500,1500,-30,-26,0.0,0.0
116626,170,170,1500,1500,-28,-30,0.0,0.0
116636,170,170,1500,1500,-29,-30,0.0,0.0
116646,170,170,1500,1500,-29,-32,0.0,0.0
116656,170,170,1500,1500,-30,-26,0.0,0.0
116666,170,170,1500,1500,-26,-32,0.0,0.0
116676,170,170,1500,1500,-30,-30,0.0,0.0
116686,170,170,1500,1500,-29,-30,0.0,0.0
116696,170,170,1500,1500,-26,-29,0.0,0.0
116706,170,170,1500,1500,-26,-29,0.0,0.0
116716,170,170,1500,1500,-30,-32,0.0,0.0
116726,170,170,1500,1500,-29,-30,0.0,0.0
116736,170,170,1500,1500,-28,-30,0.0,0.0
116746,170,170,1500,1500,-28,-29,0.0,0.0
116756,170,170,1500,1500,-32,-30,0.0,0.0
116766,170,170,1500,1500,-30,-30,0.0,0.0
116776,170,170,1500,1500,-29,-32,0.0,0.0
116786,170,170,1500,1500,-30,-28,0.0,0.0
116796,170,170,1500,1500,-28,-30,0.0,0.0
116806,170,170,1500,1500,-29,-32,0.0,0.0
116816,170,170,1500,1500,-29,-32,0.0,0.0
116826,170,170,1500,1500,-30,-28,0.0,0.0
116836,170,170,1500,1500,-26,-30,0.0,0.0
116846,170,170,1500,1500,-29,-32,0.0,0.0
116856,170,170,1500,1500,-29,-30,0.0,0.0
116866,170,170,1500,1500,-26,-28,0.0,0.0
116876,170,170,1500,1500,-29,-32,0.0,0.0
116886,170,170,1500,1500,-28,-30,0.0,0.0
116896,170,170,1500,1500,-28,-30,0.0,0.0
116907,170,170,1500,1500,-26,-29,0.0,0.0
116917,170,170,1500,1500,-26,-26,0.0,0.0
116927,170,170,1500,1500,-29,-29,0.0,0.0
116937,170,170,1500,1500,-29,-30,0.0,0.0
116947,170,170,1500,1500,-28,-30,0.0,0.0
116957,170,170,1500,1500,-26,-26,0.0,0.0
116967,170,170,1500,1500,-26,-29,0.0,0.0
116977,170,170,1500,1500,-29,-32,0.0,0.0
116987,170,170,1500,1500,-29,-29,0.0,0.0
116997,170,170,1500,1500,-28,-29,0.0,0.0
117007,170,170,1500,1500,-28,-30,0.0,0.0
117017,170,170,1500,1500,-30,-30,0.0,0.0
117027,170,170,1500,1500,-30,-30,0.0,0.0
117037,170,170,1500,1500,-26,-26,0.0,0.0
117047,170,170,1500,1500,-26,-29,0.0,0.0
117057,170,170,1500,1500,-30,-30,0.0,0.0
117067,170,170,1500,1500,-30,-29,0.0,0.0
117078,170,170,1500,1500,-26,-32,0.0,0.0
117088,170,170,1500,1500,-29,-28,0.0,0.0
117098,170,170,1500,1500,-29,-30,0.0,0.0
117108,170,170,1500,1500,-29,-29,0.0,0.0
117118,170,170,1500,1500,-32,-32,0.0,0.0
117128,170,170,1500,1500,-28,-29,0.0,0.0
117138,170,170,1500,1500,-32,-32,0.0,0.0
117148,170,170,1500,1500,-32,-33,0.0,0.0
117158,170,170,1500,1500,-33,-33,0.0,0.0
117168,170,170,1500,1500,-30,-32,0.0,0.0
117178,170,170,1500,1500,-30,-32,0.0,0.0
117188,170,170,1500,1500,-33,-33,0.0,0.0
117198,170,170,1500,1500,-32,-32,0.0,0.0
117208,170,170,1500,1500,-29,-30,0.0,0.0
117218,170,170,1500,1500,-32,-32,0.0,0.0
117228,170,170,1500,1500,-32,-32,0.0,0.0
117238,170,170,1500,1500,-32,-30,0.0,0.0
117248,170,170,1500,1500,-28,-32,0.0,0.0
117258,170,170,1500,1500,-28,-29,0.0,0.0
117268,170,170,1500,1500,-33,-33,0.0,0.0
117278,170,170,1500,1500,-30,-32,0.0,0.0
117288,170,170,1500,1500,-30,-33,0.0,0.0
117298,170,170,1500,1500,-30,-30,0.0,0.0
117308,170,170,1500,1500,-30,-32,0.0,0.0
117318,170,170,1500,1500,-30,-32,0.0,0.0
117328,170,170,1500,1500,-32,-35,0.0,0.0
117338,170,170,1500,1500,-32,-29,0.0,0.0
117348,170,170,1500,1500,-29,-33,0.0,0.0
117358,170,170,1500,1500,-29,-33,0.0,0.0
117368,170,170,1500,1500,-32,-32,0.0,0.0
117378,170,170,1500,1500,-26,-28,0.0,0.0
117388,170,170,1500,1500,-26,-32,0.0,0.0
117398,170,170,1500,1500,-29,-32,0.0,0.0
117408,170,170,1500,1500,-26,-32,0.0,0.0
117419,170,170,1500,1500,-22,-30,0.0,0.0
117429,170,170,1500,1500,-22,-26,0.0,0.0
117439,170,170,1500,1500,-26,-26,0.0,0.0
117449,170,170,1500,1500,-23,-23,0.0,0.0
117459,170,170,1500,1500,-23,-22,0.0,0.0
117469,170,170,1500,1500,-19,-16,0.0,0.0
117479,170,170,1500,1500,-19,-17,0.0,0.0
117489,170,170,1500,1500,-22,-16,0.0,0.0
117499,170,170,1500,1500,-23,-16,0.0,0.0
117509,170,170,1500,1500,-23,-13,0.0,0.0
117519,170,170,1500,1500,-20,-14,0.0,0.0
117529,170,170,1500,1500,-23,-13,0.0,0.0
117539,170,170,1500,1500,-20,-14,0.0,0.0
117549,170,170,1500,1500,-19,-12,0.0,0.0
117559,170,170,1500,1500,-19,-13,0.0,0.0
117569,170,170,1500,1500,-17,-14,0.0,0.0
117579,170,170,1500,1500,-17,-14,0.0,0.0
117590,170,170,1500,1500,-17,-13,0.0,0.0
117600,170,170,1500,1500,-16,-11,0.0,0.0
117610,170,170,1500,1500,-16,-13,0.0,0.0
117620,170,170,1500,1500,-16,-14,0.0,0.0
117630,170,170,1500,1500,-17,-14,0.0,0.0
117640,170,170,1500,1500,-17,-14,0.0,0.0
117650,170,170,1500,1500,-16,-14,0.0,0.0
117660,170,170,1500,1500,-17,-17,0.0,0.0
117670,170,170,1500,1500,-17,-14,0.0,0.0
117680,170,170,1500,1500,-19,-14,0.0,0.0
117690,170,170,1500,1500,-16,-17,0.0,0.0
117700,170,170,1500,1500,-20,-17,0.0,0.0
117710,170,170,1500,1500,-19,-19,0.0,0.0
117720,170,170,1500,1500,-19,-17,0.0,0.0
117730,170,170,1500,1500,-22,-19,0.0,0.0
117740,170,170,1500,1500,-22,-19,0.0,0.0
117750,170,170,1500,1500,-22,-14,0.0,0.0
117760,170,170,1500,1500,-19,-10,0.0,0.0
117770,170,170,1500,1500,-19,-4,0.0,0.0
117780,170,170,1500,1500,-23,-2,0.0,0.0
117790,170,170,1500,1500,-23,-1,0.0,0.0
117800,170,170,1500,1500,-23,0,0.0,0.0
117810,170,170,1500,1500,-22,0,0.0,0.0
117820,170,170,1500,1500,-20,0,0.0,0.0
117830,170,170,1500,1500,-22,0,0.0,0.0
117840,170,170,1500,1500,-22,0,0.0,0.0
117850,170,170,1500,1500,-23,0,0.0,0.0
117860,170,170,1500,1500,-20,0,0.0,0.0
117870,170,170,1500,1500,-23,0,0.0,0.0
117880,170,170,1500,1500,-20,0,0.0,0.0
117890,170,170,1500,1500,-19,0,0.0,0.0
117900,170,170,1500,1500,-19,0,0.0,0.0
117910,170,170,1500,1500,-23,0,0.0,0.0
117920,170,170,1500,1500,-22,0,0.0,0.0
117931,170,170,1500,1500,-22,0,0.0,0.0
117941,170,170,1500,1500,-21,-2,0.0,0.0
117951,170,170,1500,1500,-22,0,0.0,0.0
117961,170,170,1500,1500,-22,0,0.0,0.0
117971,170,170,1500,1500,-22,0,0.0,0.0
117981,170,170,1500,1500,-22,0,0.0,0.0
117991,170,170,1500,1500,-20,0,0.0,0.0
118001,170,170,1500,1500,-22,0,0.0,0.0
118011,170,170,1500,1500,-20,0,0.0,0.0
118021,170,170,1500,1500,-17,0,0.0,0.0
118031,170,170,1500,1500,-19,0,0.0,0.0
118041,170,170,1500,1500,-19,0,0.0,0.0
118051,170,170,1500,1500,-17,-1,0.0,0.0
118061,170,170,1500,1500,-16,0,0.0,0.0
118071,170,170,1500,1500,-16,0,0.0,0.0
118081,170,170,1500,1500,-16,0,0.0,0.0
118091,170,170,1500,1500,-17,0,0.0,0.0
118102,170,170,1500,1500,-14,0,0.0,0.0
118112,170,170,1500,1500,-17,0,0.0,0.0
118122,170,170,1500,1500,-17,0,0.0,0.0
118132,170,170,1500,1500,-17,-1,0.0,0.0
118142,170,170,1500,1500,-17,0,0.0,0.0
118152,170,170,1500,1500,-17,0,0.0,0.0
118162,170,170,1500,1500,-14,0,0.0,0.0
118172,170,170,1500,1500,-14,-1,0.0,0.0
118182,170,170,1500,1500,-17,-1,0.0,0.0
118192,170,170,1500,1500,-17,-1,0.0,0.0
118202,170,170,1500,1500,-14,-1,0.0,0.0
118212,170,170,1500,1500,-17,-2,0.0,0.0
118222,170,170,1500,1500,-16,0,0.0,0.0
118232,170,170,1500,1500,-16,-2,0.0,0.0
118242,170,170,1500,1500,-16,0,0.0,0.0
118252,170,170,1500,1500,-17,-1,0.0,0.0
118262,170,170,1500,1500,-16,-1,0.0,0.0
118272,170,170,1500,1500,-16,-1,0.0,0.0
118282,170,170,1500,1500,-14,-1,0.0,0.0
118292,170,170,1500,1500,-17,0,0.0,0.0
118302,170,170,1500,1500,-17,-1,0.0,0.0
118312,170,170,1500,1500,-17,-1,0.0,0.0
118322,170,170,1500,1500,-17,0,0.0,0.0
118332,170,170,1500,1500,-16,0,0.0,0.0
118342,170,170,1500,1500,-16,0,0.0,0.0
118352,170,170,1500,1500,-17,0,0.0,0.0
118362,170,170,1500,1500,-17,0,0.0,0.0
118372,170,170,1500,1500,-16,0,0.0,0.0
118382,170,170,1500,1500,-16,0,0.0,0.0
118392,170,170,1500,1500,-16,-1,0.0,0.0
118402,170,170,1500,1500,-16,-1,0.0,0.0
118412,170,170,1500,1500,-14,-1,0.0,0.0
118422,170,170,1500,1500,-14,-1,0.0,0.0
118432,170,170,1500,1500,-13,-2,0.0,0.0
118443,170,170,1500,1500,-13,-2,0.0,0.0
118453,170,170,1500,1500,-13,-1,0.0,0.0
118463,170,170,1500,1500,-13,-2,0.0,0.0
118473,170,170,1500,1500,-13,-2,0.0,0.0
118483,170,170,1500,1500,-13,-1,0.0,0.0
118493,170,170,1500,1500,-13,0,0.0,0.0
118503,170,170,1500,1500,-13,0,0.0,0.0
118513,170,170,1500,1500,-13,0,0.0,0.0
118523,170,170,1500,1500,-13,0,0.0,0.0
118533,170,170,1500,1500,-11,0,0.0,0.0
118543,170,170,1500,1500,-11,0,0.0,0.0
118553,170,170,1500,1500,-11,0,0.0,0.0
118563,170,170,1500,1500,-13,0,0.0,0.0
118573,170,170,1500,1500,-10,-1,0.0,0.0
118583,170,170,1500,1500,-10,0,0.0,0.0
118593,170,170,1500,1500,-13,0,0.0,0.0
118603,170,170,1500,1500,-11,0,0.0,0.0
118614,170,170,1500,1500,-10,-1,0.0,0.0
118624,170,170,1500,1500,-10,0,0.0,0.0
118634,170,170,1500,1500,-11,-2,0.0,0.0
118644,170,170,1500,1500,-11,-1,0.0,0.0
118654,170,170,1500,1500,-13,-2,0.0,0.0
118664,170,170,1500,1500,-13,-1,0.0,0.0
118674,170,170,1500,1500,-10,-2,0.0,0.0
118684,170,170,1500,1500,-11,-2,0.0,0.0
118694,170,170,1500,1500,-11,-2,0.0,0.0
118704,170,170,1500,1500,-11,-2,0.0,0.0
118714,170,170,1500,1500,-11,-2,0.0,0.0
118724,170,170,1500,1500,-14,-5,0.0,0.0
118734,170,170,1500,1500,-13,-2,0.0,0.0
118744,170,170,1500,1500,-10,-5,0.0,0.0
118754,170,170,1500,1500,-10,-2,0.0,0.0
118764,170,170,1500,1500,-13,-5,0.0,0.0
118774,170,170,1500,1500,-13,-5,0.0,0.0
118784,170,170,1500,1500,-13,-7,0.0,0.0
118794,170,170,1500,1500,-13,-7,0.0,0.0
118804,170,170,1500,1500,-14,-7,0.0,0.0
118814,170,170,1500,1500,-16,-10,0.0,0.0
118824,170,170,1500,1500,-14,-10,0.0,0.0
118834,170,170,1500,1500,-14,-10,0.0,0.0
118844,170,170,1500,1500,-16,-13,0.0,0.0
118854,170,170,1500,1500,-16,-14,0.0,0.0
118864,170,170,1500,1500,-14,-16,0.0,0.0
118874,170,170,1500,1500,-16,-14,0.0,0.0
118884,170,170,1500,1500,-19,-17,0.0,0.0
118894,170,170,1500,1500,-19,-17,0.0,0.0
118904,170,170,1500,1500,-17,-20,0.0,0.0
118914,170,170,1500,1500,-20,-18,0.0,0.0
118924,170,170,1500,1500,-17,-20,0.0,0.0
118934,170,170,1500,1500,-20,-23,0.0,0.0
118944,170,170,1500,1500,-20,-23,0.0,0.0
118955,170,170,1500,1500,-20,-23,0.0,0.0
118965,170,170,1500,1500,-20,-20,0.0,0.0
118975,170,170,1500,1500,-22,-26,0.0,0.0
118985,170,170,1500,1500,-23,-26,0.0,0.0
118995,170,170,1500,1500,-23,-29,0.0,0.0
119005,170,170,1500,1500,-23,-23,0.0,0.0
119015,170,170,1500,1500,-22,-29,0.0,0.0
119025,170,170,1500,1500,-25,-29,0.0,0.0
119035,170,170,1500,1500,-28,-29,0.0,0.0
119045,170,170,1500,1500,-28,-25,0.0,0.0
119055,170,170,1500,1500,-25,-29,0.0,0.0
119065,170,170,1500,1500,-29,-30,0.0,0.0
119075,170,170,1500,1500,-29,-29,0.0,0.0
119085,170,170,1500,1500,-29,-28,0.0,0.0
119095,170,170,1500,1500,-28,-30,0.0,0.0
119105,170,170,1500,1500,-30,-29,0.0,0.0
119115,170,170,1500,1500,-30,-32,0.0,0.0
119126,170,170,1500,1500,-30,-32,0.0,0.0
119136,170,170,1500,1500,-29,-28,0.0,0.0
119146,170,170,1500,1500,-30,-33,0.0,0.0
119156,170,170,1500,1500,-29,-32,0.0,0.0
119166,170,170,1500,1500,-29,-32,0.0,0.0
119176,170,170,1500,1500,-30,-29,0.0,0.0
119186,170,170,1500,1500,-28,-32,0.0,0.0
119196,170,170,1500,1500,-30,-35,0.0,0.0
119206,170,170,1500,1500,-30,-35,0.0,0.0
119216,170,170,1500,1500,-30,-29,0.0,0.0
119226,170,170,1500,1500,-30,-35,0.0,0.0
119236,170,170,1500,1500,-33,-32,0.0,0.0
119246,170,170,1500,1500,-33,-35,0.0,0.0
119256,170,170,1500,1500,-33,-30,0.0,0.0
119266,170,170,1500,1500,-29,-33,0.0,0.0
119276,170,170,1500,1500,-32,-32,0.0,0.0
119286,170,170,1500,1500,-32,-32,0.0,0.0
119296,170,170,1500,1500,-29,-32,0.0,0.0
119306,170,170,1500,1500,-29,-29,0.0,0.0
119316,170,170,1500,1500,-32,-32,0.0,0.0
119326,170,170,1500,1500,-29,-32,0.0,0.0
119336,170,170,1500,1500,-29,-33,0.0,0.0
119346,170,170,1500,1500,-29,-29,0.0,0.0
119356,170,170,1500,1500,-23,-33,0.0,0.0
119366,170,170,1500,1500,-25,-32,0.0,0.0
119376,170,170,1500,1500,-25,-29,0.0,0.0
119386,170,170,1500,1500,-23,-26,0.0,0.0
119396,170,170,1500,1500,-23,-30,0.0,0.0
119406,170,170,1500,1500,-26,-28,0.0,0.0
119416,170,170,1500,1500,-28,-29,0.0,0.0
119426,170,170,1500,1500,-26,-24,0.0,0.0
119436,170,170,1500,1500,-29,-29,0.0,0.0
119446,170,170,1500,1500,-28,-26,0.0,0.0
119456,170,170,1500,1500,-28,-28,0.0,0.0
119467,170,170,1500,1500,-28,-28,0.0,0.0
119477,170,170,1500,1500,-25,-25,0.0,0.0
119487,170,170,1500,1500,-25,-29,0.0,0.0
119497,170,170,1500,1500,-25,-29,0.0,0.0
119507,170,170,1500,1500,-26,-29,0.0,0.0
119517,170,170,1500,1500,-26,-26,0.0,0.0
119527,170,170,1500,1500,-26,-30,0.0,0.0
119537,170,170,1500,1500,-29,-29,0.0,0.0
119547,170,170,1500,1500,-30,-32,0.0,0.0
119557,170,170,1500,1500,-29,-26,0.0,0.0
119567,170,170,1500,1500,-29,-32,0.0,0.0
119577,170,170,1500,1500,-30,-30,0.0,0.0
119587,170,170,1500,1500,-29,-32,0.0,0.0
119597,170,170,1500,1500,-26,-30,0.0,0.0
119607,170,170,1500,1500,-26,-32,0.0,0.0
119617,170,170,1500,1500,-30,-32,0.0,0.0
119627,170,170,1500,1500,-28,-32,0.0,0.0
119638,170,170,1500,1500,-28,-33,0.0,0.0
119648,170,170,1500,1500,-29,-29,0.0,0.0
119658,170,170,1500,1500,-29,-33,0.0,0.0
119668,170,170,1500,1500,-30,-32,0.0,0.0
119678,170,170,1500,1500,-30,-35,0.0,0.0
119688,170,170,1500,1500,-30,-29,0.0,0.0
119698,170,170,1500,1500,-28,-32,0.0,0.0
119708,170,170,1500,1500,-30,-30,0.0,0.0
119718,170,170,1500,1500,-30,-30,0.0,0.0
119728,170,170,1500,1500,-26,-29,0.0,0.0
119738,170,170,1500,1500,-26,-29,0.0,0.0
119748,170,170,1500,1500,-30,-30,0.0,0.0
119758,170,170,1500,1500,-30,-30,0.0,0.0
119768,170,170,1500,1500,-28,-28,0.0,0.0
119778,170,170,1500,1500,-28,-32,0.0,0.0
119788,170,170,1500,1500,-29,-32,0.0,0.0
119798,170,170,1500,1500,-29,-30,0.0,0.0
119808,170,170,1500,1500,-29,-32,0.0,0.0
119818,170,170,1500,1500,-26,-29,0.0,0.0
119828,170,170,1500,1500,-29,-32,0.0,0.0
119838,170,170,1500,1500,-29,-30,0.0,0.0
119848,170,170,1500,1500,-29,-32,0.0,0.0
119858,170,170,1500,1500,-30,-28,0.0,0.0
119868,170,170,1500,1500,-26,-32,0.0,0.0
119878,170,170,1500,1500,-29,-32,0.0,0.0
119888,170,170,1500,1500,-29,-30,0.0,0.0
119898,170,170,1500,1500,-29,-25,0.0,0.0
119908,170,170,1500,1500,-28,-23,0.0,0.0
119918,170,170,1500,1500,-29,-22,0.0,0.0
119928,170,170,1500,1500,-28,-19,0.0,0.0
119938,170,170,1500,1500,-28,-18,0.0,0.0
119948,170,170,1500,1500,-23,-19,0.0,0.0
119958,170,170,1500,1500,-26,-19,0.0,0.0
119968,170,170,1500,1500,-23,-20,0.0,0.0
119979,170,170,1500,1500,-23,-20,0.0,0.0
119989,170,170,1500,1500,-24,-20,0.0,0.0
119999,170,170,1500,1500,-23,-25,0.0,0.0
120009,170,170,1500,1500,-25,-26,0.0,0.0
120019,170,170,1500,1500,-23,-28,0.0,0.0
120029,170,170,1500,1500,-22,-26,0.0,0.0
120039,170,170,1500,1500,-20,-28,0.0,0.0
120049,170,170,1500,1500,-19,-28,0.0,0.0
120059,170,170,1500,1500,-19,-25,0.0,0.0
120069,170,170,1500,1500,-20,-22,0.0,0.0
120079,170,170,1500,1500,-14,-26,0.0,0.0
120089,170,170,1500,1500,-14,-25,0.0,0.0
120099,170,170,1500,1500,-11,-28,0.0,0.0
120109,170,170,1500,1500,-7,-24,0.01,0.0
120119,170,170,1500,1500,-7,-26,0.01,0.0
120129,170,170,1500,1500,-7,-26,0.01,0.0
120139,170,170,1500,1500,-5,-23,0.01,0.0
120150,170,170,1500,1500,-4,-26,0.01,0.0
120160,170,170,1500,1500,-4,-20,0.01,0.0
120170,170,170,1500,1500,-2,-23,0.01,0.0
120180,170,170,1500,1500,-2,-25,0.01,0.0
120190,170,170,1500,1500,-4,-25,0.01,0.0
120200,170,170,1500,1500,-4,-20,0.01,0.0
120210,170,170,1500,1500,-4,-26,0.01,0.0
120220,170,170,1500,1500,-4,-26,0.01,0.0
120230,170,170,1500,1500,-4,-26,0.01,0.0
120240,170,170,1500,1500,-4,-23,0.01,0.0
120250,170,170,1500,1500,-4,-26,0.01,0.0
120260,170,170,1500,1500,-4,-29,0.01,0.0
120270,170,170,1500,1500,-4,-26,0.01,0.0
120280,170,170,1500,1500,-4,-26,0.01,0.0
120290,170,170,1500,1500,-4,-29,0.01,0.0
120300,170,170,1500,1500,-4,-32,0.01,0.0
120310,170,170,1500,1500,-4,-30,0.01,0.0
120320,170,170,1500,1500,-4,-32,0.01,0.0
120330,170,170,1500,1500,-4,-28,0.01,0.0
120340,170,170,1500,1500,-4,-29,0.01,0.0
120350,170,170,1500,1500,-4,-29,0.01,0.0
120360,170,170,1500,1500,-4,-30,0.01,0.0
120370,170,170,1500,1500,-4,-28,0.01,0.0
120380,170,170,1500,1500,-4,-29,0.01,0.0
120390,170,170,1500,1500,-4,-29,0.01,0.0
120400,170,170,1500,1500,-5,-26,0.01,0.0
120410,170,170,1500,1500,-4,-26,0.01,0.0
120420,170,170,1500,1500,-5,-29,0.01,0.0
120430,170,170,1500,1500,-4,-29,0.01,0.0
120440,170,170,1500,1500,-4,-28,0.01,0.0
120450,170,170,1500,1500,-4,-25,0.01,0.0
120460,170,170,1500,1500,-4,-29,0.01,0.0
120470,170,170,1500,1500,-2,-29,0.01,0.0
120480,170,170,1500,1500,-2,-28,0.01,0.0
120491,170,170,1500,1500,-5,-28,0.01,0.0
120501,170,170,1500,1500,-2,-23,0.01,0.0
120511,170,170,1500,1500,-2,-26,0.01,0.0
120521,170,170,1500,1500,-2,-26,0.01,0.0
120531,170,170,1500,1500,-2,-26,0.01,0.0
120541,170,170,1500,1500,-2,-22,0.01,0.0
120551,170,170,1500,1500,-2,-25,0.01,0.0
120561,170,170,1500,1500,-2,-25,0.01,0.0
120571,170,170,1500,1500,-2,-25,0.01,0.0
120581,170,170,1500,1500,-2,-23,0.01,0.0
120591,170,170,1500,1500,-2,-26,0.01,0.0
120601,170,170,1500,1500,-4,-23,0.01,0.0
120611,170,170,1500,1500,-4,-26,0.01,0.0
120621,170,170,1500,1500,-5,-22,0.01,0.0
120631,170,170,1500,1500,-4,-25,0.01,0.0
120641,170,170,1500,1500,-4,-25,0.01,0.0
120651,170,170,1500,1500,-5,-25,0.01,0.0
120662,170,170,1500,1500,-4,-26,0.01,0.0
120672,170,170,1500,1500,-5,-20,0.01,0.0
120682,170,170,1500,1500,-5,-26,0.01,0.0
120692,170,170,1500,1500,-5,-23,0.01,0.0
120702,170,170,1500,1500,-7,-25,0.0,0.0
120712,170,170,1500,1500,-4,-22,0.0,0.0
120722,170,170,1500,1500,-5,-23,0.0,0.0
120732,170,170,1500,1500,-5,-23,0.0,0.0
120742,170,170,1500,1500,-4,-23,0.0,0.0
120752,170,170,1500,1500,-4,-22,0.0,0.0
120762,170,170,1500,1500,-4,-25,0.0,0.0
120772,0,170,1500,1500,-1,-23,0.0,0.0
120782,0,0,1500,1500,1,-22,0.0,0.0
120792,0,0,1500,1500,1,-17,0.0,0.0
120802,0,0,1500,1500,2,-16,0.0,0.0
120812,0,0,1500,1500,2,-14,0.0,0.0
120822,0,0,1500,1500,2,-10,0.0,0.0
120832,0,0,1500,1500,2,-10,0.0,0.0
120842,0,0,1500,1500,4,-5,0.0,0.0
120852,0,0,1500,1500,4,-4,0.0,0.0
120862,0,0,1500,1500,2,-1,0.0,0.0
120872,0,0,1500,1500,2,0,0.0,0.0
120882,0,0,1500,1500,0,0,0.0,0.0
120892,0,0,1500,1500,1,1,0.0,0.0
120902,0,0,1500,1500,1,1,0.0,0.0
120912,0,0,1500,1500,1,0,0.0,0.0
120922,0,0,1500,1500,0,0,0.0,0.0
120932,0,0,1500,1500,0,0,0.0,0.0
120942,0,0,1500,1500,0,0,0.0,0.0
120952,0,0,1500,1500,0,0,0.0,0.0
120962,0,0,1500,1500,0,0,0.0,0.0
120972,0,0,1500,1500,0,0,0.0,0.0
120982,0,0,1500,1500,0,0,0.0,0.0
120992,0,0,1500,1500,0,0,0.0,0.0
121003,0,0,1500,1500,0,0,0.0,0.0
121013,0,0,1500,1500,0,0,0.0,0.0
121023,0,0,1500,1500,0,0,0.0,0.0
121033,0,0,1500,1500,0,0,0.0,0.0
121043,0,0,1500,1500,0,0,0.0,0.0
121053,0,0,1500,1500,0,0,0.0,0.0
121063,0,0,1500,1500,0,0,0.0,0.0
121073,0,0,1500,1500,0,0,0.0,0.0
121083,0,0,1500,1500,0,0,0.0,0.0
121093,0,0,1500,1500,0,0,0.0,0.0
121103,0,0,1500,1500,0,0,0.0,0.0
121113,0,0,1500,1500,0,0,0.0,0.0
121123,0,0,1500,1500,0,0,0.0,0.0
121133,0,0,1500,1500,0,0,0.0,0.0
121143,0,0,1500,1500,0,0,0.0,0.0
121153,0,0,1500,1500,0,0,0.0,0.0
121163,0,0,1500,1500,0,0,0.0,0.0
121174,0,0,1500,1500,0,0,0.0,0.0
121184,0,0,1500,1500,0,0,0.0,0.0
121194,0,0,1500,1500,0,0,0.0,0.0
121204,0,0,1500,1500,0,0,0.0,0.0
121214,0,0,1500,1500,0,0,0.0,0.0
121224,0,0,1500,1500,0,0,0.0,0.0
121234,0,0,1500,1500,0,0,0.0,0.0
121244,0,0,1500,1500,0,0,0.0,0.0
121254,0,0,1500,1500,0,0,0.0,0.0
121264,0,0,1500,1500,0,0,0.0,0.0
121274,0,0,1500,1500,0,0,0.0,0.0
121284,0,0,1500,1500,0,0,0.0,0.0
121294,0,0,1500,1500,0,0,0.0,0.0
121304,0,0,1500,1500,0,0,0.0,0.0
121314,0,0,1500,1500,0,0,0.0,0.0
121324,0,0,1500,1500,0,0,0.0,0.0
121334,0,0,1500,1500,0,0,0.0,0.0
121344,0,0,1500,1500,0,0,0.0,0.0
121354,0,0,1500,1500,0,0,0.0,0.0
121364,0,0,1500,1500,0,0,0.0,0.0
121374,0,0,1500,1500,0,0,0.0,0.0
121384,0,0,1500,1500,0,0,0.0,0.0
121394,0,0,1500,1500,0,0,0.0,0.0
121404,0,0,1500,1500,0,0,0.0,0.0
121414,0,0,1500,1500,0,0,0.0,0.0
121424,0,0,1500,1500,0,0,0.0,0.0
121434,0,0,1500,1500,0,0,0.0,0.0
121444,0,0,1500,1500,0,0,0.0,0.0
121454,0,0,1500,1500,0,0,0.0,0.0
121464,0,0,1500,1500,0,0,0.0,0.0
121474,0,0,1500,1500,0,0,0.0,0.0
121484,0,0,1500,1500,0,0,0.0,0.0
121494,0,0,1500,1500,0,0,0.0,0.0
121504,0,0,1500,1500,0,0,0.0,0.0
121515,0,0,1500,1500,0,0,0.0,0.0
121525,0,0,1500,1500,0,0,0.0,0.0
121535,0,0,1500,1500,0,0,0.0,0.0
121545,0,0,1500,1500,0,0,0.0,0.0
121555,0,0,1500,1500,0,0,0.0,0.0
121565,0,0,1500,1500,0,0,0.0,0.0
121575,0,0,1500,1500,0,0,0.0,0.0
121585,0,0,1500,1500,0,0,0.0,0.0
121595,0,0,1500,1500,0,0,0.0,0.0
121605,0,0,1500,1500,0,0,0.0,0.0
121615,0,0,1500,1500,0,0,0.0,0.0
121625,0,0,1500,1500,0,0,0.0,0.0
121635,0,0,1500,1500,0,0,0.0,0.0
121645,0,0,1500,1500,0,0,0.0,0.0
121655,0,0,1500,1500,0,0,0.0,0.0
121665,0,0,1500,1500,0,0,0.0,0.0
121675,0,0,1500,1500,0,0,0.0,0.0
121686,0,0,1500,1500,0,0,0.0,0.0
121696,0,0,1500,1500,0,0,0.0,0.0
121706,0,0,1500,1500,0,0,0.0,0.0
121716,0,0,1500,1500,0,0,0.0,0.0
121726,0,0,1500,1500,0,0,0.0,0.0
121736,0,0,1500,1500,0,0,0.0,0.0
121746,0,0,1500,1500,0,0,0.0,0.0
121756,0,0,1500,1500,0,0,0.0,0.0
121766,0,0,1500,1500,0,0,0.0,0.0
121776,0,0,1500,1500,0,0,0.0,0.0
121786,0,0,1500,1500,0,0,0.0,0.0
121796,0,0,1500,1500,0,0,0.0,0.0
121806,0,0,1500,1500,0,0,0.0,0.0
121816,0,0,1500,1500,0,0,0.0,0.0
121826,0,0,1500,1500,0,0,0.0,0.0
121836,0,0,1500,1500,0,0,0.0,0.0
121846,0,0,1500,1500,0,0,0.0,0.0
121856,0,0,1500,1500,0,0,0.0,0.0
121866,0,0,1500,1500,0,0,0.0,0.0
121876,0,0,1500,1500,0,0,0.0,0.0
121886,0,0,1500,1500,0,0,0.0,0.0
121896,0,0,1500,1500,0,0,0.0,0.0
121906,0,0,1500,1500,0,0,0.0,0.0
121916,0,0,1500,1500,0,0,0.0,0.0
121926,0,0,1500,1500,0,0,0.0,0.0
121936,0,0,1500,1500,0,0,0.0,0.0
121946,0,0,1500,1500,0,0,0.0,0.0
121956,0,0,1500,1500,0,0,0.0,0.0
121966,0,0,1500,1500,0,0,0.0,0.0
121976,0,0,1500,1500,0,0,0.0,0.0
121986,0,0,1500,1500,0,0,0.0,0.0
121996,0,0,1500,1500,0,0,0.0,0.0
122006,0,0,1500,1500,0,0,0.0,0.0
122016,0,0,1500,1500,0,0,0.0,0.0
122027,0,0,1500,1500,0,0,0.0,0.0
122037,0,0,1500,1500,0,0,0.0,0.0
122047,0,0,1500,1500,0,0,0.0,0.0
122057,0,0,1500,1500,0,0,0.0,0.0
122067,0,0,1500,1500,0,0,0.0,0.0
122077,0,0,1500,1500,0,0,0.0,0.0
122087,0,0,1500,1500,0,0,0.0,0.0
122097,0,0,1500,1500,0,0,0.0,0.0
122107,0,0,1500,1500,0,0,0.0,0.0
122117,0,0,1500,1500,0,0,0.0,0.0
122127,0,0,1500,1500,0,0,0.0,0.0
122137,0,0,1500,1500,0,0,0.0,0.0
122147,0,0,1500,1500,0,0,0.0,0.0
122157,0,0,1500,1500,0,0,0.0,0.0
122167,0,0,1500,1500,0,0,0.0,0.0
122177,0,0,1500,1500,0,0,0.0,0.0
122187,0,0,1500,1500,0,0,0.0,0.0
122198,0,0,1500,1500,0,0,0.0,0.0
122208,0,0,1500,1500,0,0,0.0,0.0
122218,0,0,1500,1500,0,0,0.0,0.0
122228,0,0,1500,1500,0,0,0.0,0.0
122238,0,0,1500,1500,0,0,0.0,0.0
122248,0,0,1500,1500,0,0,0.0,0.0
122258,0,0,1500,1500,0,0,0.0,0.0
122268,0,0,1500,1500,0,0,0.0,0.0
122278,0,0,1500,1500,0,0,0.0,0.0
122288,0,0,1500,1500,0,0,0.0,0.0
122298,0,0,1500,1500,0,0,0.0,0.0
122308,0,0,1500,1500,0,0,0.0,0.0
122318,0,0,1500,1500,0,0,0.0,0.0
122328,0,0,1500,1500,0,0,0.0,0.0
122338,0,0,1500,1500,0,0,0.0,0.0
122348,0,0,1500,1500,0,0,0.0,0.0
122358,0,0,1500,1500,0,0,0.0,0.0
122368,0,0,1500,1500,0,0,0.0,0.0
122378,0,0,1500,1500,0,0,0.0,0.0
122388,0,0,1500,1500,0,0,0.0,0.0
122398,0,0,1500,1500,0,0,0.0,0.0
122408,0,0,1500,1500,0,0,0.0,0.0
122418,0,0,1500,1500,0,0,0.0,0.0
122428,0,0,1500,1500,0,0,0.0,0.0
122438,0,0,1500,1500,0,0,0.0,0.0
122448,0,0,1500,1500,0,0,0.0,0.0
122458,0,0,1500,1500,0,0,0.0,0.0
122468,0,0,1500,1500,0,0,0.0,0.0
122478,0,0,1500,1500,0,0,0.0,0.0
122488,0,0,1500,1500,0,0,0.0,0.0
122498,0,0,1500,1500,0,0,0.0,0.0
122508,0,0,1500,1500,0,0,0.0,0.0
122518,0,0,1500,1500,0,0,0.0,0.0
122528,0,0,1500,1500,0,0,0.0,0.0
122539,0,0,1500,1500,0,0,0.0,0.0
122549,0,0,1500,1500,0,0,0.0,0.0
122559,0,0,1500,1500,0,0,0.0,0.0
122569,0,0,1500,1500,0,0,0.0,0.0
122579,0,0,1500,1500,0,0,0.0,0.0
122589,0,0,1500,1500,0,0,0.0,0.0
122599,0,0,1500,1500,0,0,0.0,0.0
122609,0,0,1500,1500,0,0,0.0,0.0
122619,0,0,1500,1500,0,0,0.0,0.0
122629,0,0,1500,1500,0,0,0.0,0.0
122639,0,0,1500,1500,0,0,0.0,0.0
122649,0,0,1500,1500,0,0,0.0,0.0
122659,0,0,1500,1500,0,0,0.0,0.0
122669,0,0,1500,1500,0,0,0.0,0.0
122679,0,0,1500,1500,0,0,0.0,0.0
122689,0,0,1500,1500,0,0,0.0,0.0
122699,0,0,1500,1500,0,0,0.0,0.0
122710,0,0,1500,1500,0,0,0.0,0.0
122720,0,0,1500,1500,0,0,0.0,0.0
122730,0,0,1500,1500,0,0,0.0,0.0
122740,0,0,1500,1500,0,0,0.0,0.0
122750,0,0,1500,1500,0,0,0.0,0.0
122760,0,0,1500,1500,0,0,0.0,0.0
122770,0,0,1500,1500,0,0,0.0,0.0
122780,0,0,1500,1500,0,0,0.0,0.0
122790,0,0,1500,1500,0,0,0.0,0.0
122800,0,0,1500,1500,0,0,0.0,0.0
122810,0,0,1500,1500,0,0,0.0,0.0
122820,0,0,1500,1500,0,0,0.0,0.0
122830,0,0,1500,1500,0,0,0.0,0.0
122840,0,0,1500,1500,0,0,0.0,0.0
122850,0,0,1500,1500,0,0,0.0,0.0
122860,0,0,1500,1500,0,0,0.0,0.0
122870,0,0,1500,1500,0,0,0.0,0.0
122880,0,0,1500,1500,0,0,0.0,0.0
122890,0,0,1500,1500,0,0,0.0,0.0
122900,0,0,1500,1500,0,0,0.0,0.0
122910,0,0,1500,1500,0,0,0.0,0.0
122920,0,0,1500,1500,0,0,0.0,0.0
122930,0,0,1500,1500,0,0,0.0,0.0
122940,0,0,1500,1500,0,0,0.0,0.0
122950,0,0,1500,1500,0,0,0.0,0.0
122960,0,0,1500,1500,0,0,0.0,0.0
122970,0,0,1500,1500,0,0,0.0,0.0
122980,0,0,1500,1500,0,0,0.0,0.0
122990,0,0,1500,1500,0,0,0.0,0.0
123000,0,0,1500,1500,0,0,0.0,0.0
123010,0,0,1500,1500,0,0,0.0,0.0
123020,0,0,1500,1500,0,0,0.0,0.0
123030,0,0,1500,1500,0,0,0.0,0.0
123040,0,0,1500,1500,0,0,0.0,0.0
123051,0,0,1500,1500,0,0,0.0,0.0
123061,0,0,1500,1500,0,0,0.0,0.0
123071,0,0,1500,1500,0,0,0.0,0.0
123081,0,0,1500,1500,0,0,0.0,0.0
123091,0,0,1500,1500,0,0,0.0,0.0
123101,0,0,1500,1500,0,0,0.0,0.0
123111,0,0,1500,1500,0,0,0.0,0.0
123121,0,0,1500,1500,0,0,0.0,0.0
123131,0,0,1500,1500,0,0,0.0,0.0
123141,0,0,1500,1500,0,0,0.0,0.0
123151,0,0,1500,1500,0,0,0.0,0.0
123161,0,0,1500,1500,0,0,0.0,0.0
123171,0,0,1500,1500,0,0,0.0,0.0
123181,0,0,1500,1500,0,0,0.0,0.0
123191,0,0,1500,1500,0,0,0.0,0.0
123201,0,0,1500,1500,0,0,0.0,0.0
123211,0,0,1500,1500,0,0,0.0,0.0
123222,0,0,1500,1500,0,0,0.0,0.0
123232,0,0,1500,1500,0,0,0.0,0.0
123242,0,0,1500,1500,0,0,0.0,0.0
123252,0,0,1500,1500,0,0,0.0,0.0
123262,0,0,1500,1500,0,0,0.0,0.0
123272,0,0,1500,1500,0,0,0.0,0.0
123282,0,0,1500,1500,0,0,0.0,0.0
123292,0,0,1500,1500,0,0,0.0,0.0
123302,0,0,1500,1500,0,0,0.0,0.0
123312,0,0,1500,1500,0,0,0.0,0.0
123322,0,0,1500,1500,0,0,0.0,0.0
123332,0,0,1500,1500,0,0,0.0,0.0
123342,0,0,1500,1500,0,0,0.0,0.0
123352,0,0,1500,1500,0,0,0.0,0.0
123362,0,0,1500,1500,0,0,0.0,0.0
123372,0,0,1500,1500,0,0,0.0,0.0
123382,0,0,1500,1500,0,0,0.0,0.0
123392,0,0,1500,1500,0,0,0.0,0.0
123402,0,0,1500,1500,0,0,0.0,0.0
123412,0,0,1500,1500,0,0,0.0,0.0
123422,0,0,1500,1500,0,0,0.0,0.0
123432,0,0,1500,1500,0,0,0.0,0.0
123442,0,0,1500,1500,0,0,0.0,0.0
123452,0,0,1500,1500,0,0,0.0,0.0
123462,0,0,1500,1500,0,0,0.0,0.0
123472,0,0,1500,1500,0,0,0.0,0.0
123482,0,0,1500,1500,0,0,0.0,0.0
123492,0,0,1500,1500,0,0,0.0,0.0
123502,0,0,1500,1500,0,0,0.0,0.0
123512,0,0,1500,1500,0,0,0.0,0.0
123522,0,0,1500,1500,0,0,0.0,0.0
123532,0,0,1500,1500,0,0,0.0,0.0
123542,0,0,1500,1500,0,0,0.0,0.0
123552,0,0,1500,1500,0,0,0.0,0.0
123563,0,0,1500,1500,0,0,0.0,0.0
123573,0,0,1500,1500,0,0,0.0,0.0
123583,0,0,1500,1500,0,0,0.0,0.0
123593,0,0,1500,1500,0,0,0.0,0.0
123603,0,0,1500,1500,0,0,0.0,0.0
123613,0,0,1500,1500,0,0,0.0,0.0
123623,0,0,1500,1500,0,0,0.0,0.0
123633,0,0,1500,1500,0,0,0.0,0.0
123643,0,0,1500,1500,0,0,0.0,0.0
123653,0,0,1500,1500,0,0,0.0,0.0
123663,0,0,1500,1500,0,0,0.0,0.0
123673,0,0,1500,1500,0,0,0.0,0.0
123683,0,0,1500,1500,0,0,0.0,0.0
123693,0,0,1500,1500,0,0,0.0,0.0
123703,0,0,1500,1500,0,0,0.0,0.0
123713,0,0,1500,1500,0,0,0.0,0.0
123723,0,0,1500,1500,0,0,0.0,0.0
123734,0,0,1500,1500,0,0,0.0,0.0
123744,0,0,1500,1500,0,0,0.0,0.0
123754,0,0,1500,1500,0,0,0.0,0.0
123764,0,0,1500,1500,0,0,0.0,0.0
123774,0,0,1500,1500,0,0,0.0,0.0
123784,0,0,1500,1500,0,0,0.0,0.0
123794,0,0,1500,1500,0,0,0.0,0.0
123804,0,0,1500,1500,0,0,0.0,0.0
123814,0,0,1500,1500,0,0,0.0,0.0
123824,0,0,1500,1500,0,0,0.0,0.0
123834,0,0,1500,1500,0,0,0.0,0.0
123844,0,0,1500,1500,0,0,0.0,0.0
123854,0,0,1500,1500,0,0,0.0,0.0
123864,0,0,1500,1500,0,0,0.0,0.0
123874,0,0,1500,1500,0,0,0.0,0.0
123884,0,0,1500,1500,0,0,0.0,0.0
123894,0,0,1500,1500,0,0,0.0,0.0
123904,0,0,1500,1500,0,0,0.0,0.0
123914,0,0,1500,1500,0,0,0.0,0.0
123924,0,0,1500,1500,0,0,0.0,0.0
123934,0,0,1500,1500,0,0,0.0,0.0
123944,0,0,1500,1500,0,0,0.0,0.0
123954,0,0,1500,1500,0,0,0.0,0.0
123964,0,0,1500,1500,0,0,0.0,0.0
123974,0,0,1500,1500,0,0,0.0,0.0
123984,0,0,1500,1500,0,0,0.0,0.0
123994,0,0,1500,1500,0,0,0.0,0.0
124004,0,0,1500,1500,0,0,0.0,0.0
124014,0,0,1500,1500,0,0,0.0,0.0
124024,0,0,1500,1500,0,0,0.0,0.0
124034,0,0,1500,1500,0,0,0.0,0.0
124044,0,0,1500,1500,0,0,0.0,0.0
124054,0,0,1500,1500,0,0,0.0,0.0
124064,0,0,1500,1500,0,0,0.0,0.0
124075,0,0,1500,1500,0,0,0.0,0.0
124085,0,0,1500,1500,0,0,0.0,0.0
124095,0,0,1500,1500,0,0,0.0,0.0
124105,0,0,1500,1500,0,0,0.0,0.0
124115,0,0,1500,1500,0,0,0.0,0.0
124125,0,0,1500,1500,0,0,0.0,0.0
124135,0,0,1500,1500,0,0,0.0,0.0
124145,0,0,1500,1500,0,0,0.0,0.0
124155,0,0,1500,1500,0,0,0.0,0.0
124165,0,0,1500,1500,0,0,0.0,0.0
124175,0,0,1500,1500,0,0,0.0,0.0
124185,0,0,1500,1500,0,0,0.0,0.0
124195,0,0,1500,1500,0,0,0.0,0.0
124205,0,0,1500,1500,0,0,0.0,0.0
124215,0,0,1500,1500,0,0,0.0,0.0
124225,0,0,1500,1500,0,0,0.0,0.0
124235,0,0,1500,1500,0,0,0.0,0.0
124246,0,0,1500,1500,0,0,0.0,0.0
124256,0,0,1500,1500,0,0,0.0,0.0
124266,0,0,1500,1500,0,0,0.0,0.0
124276,0,0,1500,1500,0,0,0.0,0.0
124286,0,0,1500,1500,0,0,0.0,0.0
124296,0,0,1500,1500,0,0,0.0,0.0
124306,0,0,1500,1500,0,0,0.0,0.0
124316,0,0,1500,1500,0,0,0.0,0.0
124326,0,0,1500,1500,0,0,0.0,0.0
124336,0,0,1500,1500,0,0,0.0,0.0
124346,0,0,1500,1500,0,0,0.0,0.0
124356,0,0,1500,1500,0,0,0.0,0.0
124366,0,0,1500,1500,0,0,0.0,0.0
124376,0,0,1500,1500,0,0,0.0,0.0
124386,0,0,1500,1500,0,0,0.0,0.0
124396,0,0,1500,1500,0,0,0.0,0.0
124406,0,0,1500,1500,0,0,0.0,0.0
124416,0,0,1500,1500,0,0,0.0,0.0
124426,0,0,1500,1500,0,0,0.0,0.0
124436,0,0,1500,1500,0,0,0.0,0.0
124446,0,0,1500,1500,0,0,0.0,0.0
124456,0,0,1500,1500,0,0,0.0,0.0
124466,0,0,1500,1500,0,0,0.0,0.0
124476,0,0,1500,1500,0,0,0.0,0.0
124486,0,0,1500,1500,0,0,0.0,0.0
124496,0,0,1500,1500,0,0,0.0,0.0
124506,0,0,1500,1500,0,0,0.0,0.0
124516,0,0,1500,1500,0,0,0.0,0.0
124526,0,0,1500,1500,0,0,0.0,0.0
124536,0,0,1500,1500,0,0,0.0,0.0
124546,0,0,1500,1500,0,0,0.0,0.0
124556,0,0,1500,1500,0,0,0.0,0.0
124566,0,0,1500,1500,0,0,0.0,0.0
124576,0,0,1500,1500,0,0,0.0,0.0
124587,0,0,1500,1500,0,0,0.0,0.0
124597,0,0,1500,1500,0,0,0.0,0.0
124607,0,0,1500,1500,0,0,0.0,0.0
124617,0,0,1500,1500,0,0,0.0,0.0
124627,0,0,1500,1500,0,0,0.0,0.0
124637,0,0,1500,1500,0,0,0.0,0.0
124647,0,0,1500,1500,0,0,0.0,0.0
124657,0,0,1500,1500,0,0,0.0,0.0
124667,0,0,1500,1500,0,0,0.0,0.0
124677,0,0,1500,1500,0,0,0.0,0.0
124687,0,0,1500,1500,0,0,0.0,0.0
124697,0,0,1500,1500,0,0,0.0,0.0
124707,0,0,1500,1500,0,0,0.0,0.0
124717,0,0,1500,1500,0,0,0.0,0.0
124727,0,0,1500,1500,0,0,0.0,0.0
124737,0,0,1500,1500,0,0,0.0,0.0
124747,0,0,1500,1500,0,0,0.0,0.0
124758,0,0,1500,1500,0,0,0.0,0.0
124768,0,0,1500,1500,0,0,0.0,0.0
124778,0,0,1500,1500,0,0,0.0,0.0
124788,0,0,1500,1500,0,0,0.0,0.0
124798,0,0,1500,1500,0,0,0.0,0.0
124808,0,0,1500,1500,0,0,0.0,0.0
124818,0,0,1500,1500,0,0,0.0,0.0
124828,0,0,1500,1500,0,0,0.0,0.0
124838,0,0,1500,1500,0,0,0.0,0.0
124848,0,0,1500,1500,0,0,0.0,0.0
124858,0,0,1500,1500,0,0,0.0,0.0
124868,0,0,1500,1500,0,0,0.0,0.0
124878,0,0,1500,1500,0,0,0.0,0.0
124888,0,0,1500,1500,0,0,0.0,0.0
124898,0,0,1500,1500,0,0,0.0,0.0
124908,0,0,1500,1500,0,0,0.0,0.0
124918,0,0,1500,1500,0,0,0.0,0.0
124928,0,0,1500,1500,0,0,0.0,0.0
124938,0,0,1500,1500,0,0,0.0,0.0
124948,0,0,1500,1500,0,0,0.0,0.0
124958,0,0,1500,1500,0,0,0.0,0.0
124968,0,0,1500,1500,0,0,0.0,0.0
124978,0,0,1500,1500,0,0,0.0,0.0
124988,0,0,1500,1500,0,0,0.0,0.0
124998,0,0,1500,1500,0,0,0.0,0.0
125008,0,0,1500,1500,0,0,0.0,0.0
125018,0,0,1500,1500,0,0,0.0,0.0
125028,0,0,1500,1500,0,0,0.0,0.0
125038,0,0,1500,1500,0,0,0.0,0.0
125048,0,0,1500,1500,0,0,0.0,0.0
125058,0,0,1500,1500,0,0,0.0,0.0
125068,0,0,1500,1500,0,0,0.0,0.0
125078,0,0,1500,1500,0,0,0.0,0.0
125088,0,0,1500,1500,0,0,0.0,0.0
125099,0,0,1500,1500,0,0,0.0,0.0
125109,0,0,1500,1500,0,0,0.0,0.0
125119,0,0,1500,1500,0,0,0.0,0.0
125129,0,0,1500,1500,0,0,0.0,0.0
125139,0,0,1500,1500,0,0,0.0,0.0
125149,0,0,1500,1500,0,0,0.0,0.0
125159,0,0,1500,1500,0,0,0.0,0.0
125169,0,0,1500,1500,0,0,0.0,0.0
125179,0,0,1500,1500,0,0,0.0,0.0
125189,0,0,1500,1500,0,0,0.0,0.0
125199,0,0,1500,1500,0,0,0.0,0.0
125209,0,0,1500,1500,0,0,0.0,0.0
125219,0,0,1500,1500,0,0,0.0,0.0
125229,0,0,1500,1500,0,0,0.0,0.0
125239,0,0,1500,1500,0,0,0.0,0.0
125249,0,0,1500,1500,0,0,0.0,0.0
125259,0,0,1500,1500,0,0,0.0,0.0
125270,0,0,1500,1500,0,0,0.0,0.0
125280,0,0,1500,1500,0,0,0.0,0.0
125290,0,0,1500,1500,0,0,0.0,0.0
125300,0,0,1500,1500,0,0,0.0,0.0
125310,0,0,1500,1500,0,0,0.0,0.0
125320,0,0,1500,1500,0,0,0.0,0.0
125330,0,0,1500,1500,0,0,0.0,0.0
125340,0,0,1500,1500,0,0,0.0,0.0
125350,0,0,1500,1500,0,0,0.0,0.0
125360,0,0,1500,1500,0,0,0.0,0.0
125370,0,0,1500,1500,0,0,0.0,0.0
125380,0,0,1500,1500,0,0,0.0,0.0
125390,0,0,1500,1500,0,0,0.0,0.0
125400,0,0,1500,1500,0,0,0.0,0.0
125410,0,0,1500,1500,0,0,0.0,0.0
125420,0,0,1500,1500,0,0,0.0,0.0
125430,0,0,1500,1500,0,0,0.0,0.0
125440,0,0,1500,1500,0,0,0.0,0.0
125450,0,0,1500,1500,0,0,0.0,0.0
125460,0,0,1500,1500,0,0,0.0,0.0
125470,0,0,1500,1500,0,0,0.0,0.0
125480,0,0,1500,1500,0,0,0.0,0.0
125490,0,0,1500,1500,0,0,0.0,0.0
125500,0,0,1500,1500,0,0,0.0,0.0
125510,0,0,1500,1500,0,0,0.0,0.0
125520,0,0,1500,1500,0,0,0.0,0.0
125530,0,0,1500,1500,0,0,0.0,0.0
125540,0,0,1500,1500,0,0,0.0,0.0
125550,0,0,1500,1500,0,0,0.0,0.0
125560,0,0,1500,1500,0,0,0.0,0.0
125570,0,0,1500,1500,0,0,0.0,0.0
125580,0,0,1500,1500,0,0,0.0,0.0
125590,0,0,1500,1500,0,0,0.0,0.0
125600,0,0,1500,1500,0,0,0.0,0.0
125611,0,0,1500,1500,0,0,0.0,0.0
125621,0,0,1500,1500,0,0,0.0,0.0
125631,0,0,1500,1500,0,0,0.0,0.0
125641,0,0,1500,1500,0,0,0.0,0.0
125651,0,0,1500,1500,0,0,0.0,0.0
125661,0,0,1500,1500,0,0,0.0,0.0
125671,0,0,1500,1500,0,0,0.0,0.0
125681,0,0,1500,1500,0,0,0.0,0.0
125691,0,0,1500,1500,0,0,0.0,0.0
125701,0,0,1500,1500,0,0,0.0,0.0
125711,0,0,1500,1500,0,0,0.0,0.0
125721,0,0,1500,1500,0,0,0.0,0.0
125731,0,0,1500,1500,0,0,0.0,0.0
125741,0,0,1500,1500,0,0,0.0,0.0
125751,0,0,1500,1500,0,0,0.0,0.0
125761,0,0,1500,1500,0,0,0.0,0.0
125771,0,0,1500,1500,0,0,0.0,0.0
125782,0,0,1500,1500,0,0,0.0,0.0
125792,0,0,1500,1500,0,0,0.0,0.0
125802,0,0,1500,1500,0,0,0.0,0.0
125812,0,0,1500,1500,0,0,0.0,0.0
125822,0,0,1500,1500,0,0,0.0,0.0
125832,0,0,1500,1500,0,0,0.0,0.0
125842,0,0,1500,1500,0,0,0.0,0.0
125852,0,0,1500,1500,0,0,0.0,0.0
125862,0,0,1500,1500,0,0,0.0,0.0
125872,0,0,1500,1500,0,0,0.0,0.0
125882,0,0,1500,1500,0,0,0.0,0.0
125892,0,0,1500,1500,0,0,0.0,0.0
125902,0,0,1500,1500,0,0,0.0,0.0
125912,0,0,1500,1500,0,0,0.0,0.0
125922,0,0,1500,1500,0,0,0.0,0.0
125932,0,0,1500,1500,0,0,0.0,0.0
125942,0,0,1500,1500,0,0,0.0,0.0
125952,0,0,1500,1500,0,0,0.0,0.0
125962,0,0,1500,1500,0,0,0.0,0.0
125972,0,0,1500,1500,0,0,0.0,0.0
125982,0,0,1500,1500,0,0,0.0,0.0
125992,0,0,1500,1500,0,0,0.0,0.0
126002,0,0,1500,1500,0,0,0.0,0.0
126012,0,0,1500,1500,0,0,0.0,0.0
126022,0,0,1500,1500,0,0,0.0,0.0
126032,0,0,1500,1500,0,0,0.0,0.0
126042,0,0,1500,1500,0,0,0.0,0.0
126052,0,0,1500,1500,0,0,0.0,0.0
126062,0,0,1500,1500,0,0,0.0,0.0
126072,0,0,1500,1500,0,0,0.0,0.0
126082,0,0,1500,1500,0,0,0.0,0.0
126092,0,0,1500,1500,0,0,0.0,0.0
126102,0,0,1500,1500,0,0,0.0,0.0
126112,0,0,1500,1500,0,0,0.0,0.0
126123,0,0,1500,1500,0,0,0.0,0.0
126133,0,0,1500,1500,0,0,0.0,0.0
126143,0,0,1500,1500,0,0,0.0,0.0
126153,0,0,1500,1500,0,0,0.0,0.0
126163,0,0,1500,1500,0,0,0.0,0.0
126173,0,0,1500,1500,0,0,0.0,0.0
126183,0,0,1500,1500,0,0,0.0,0.0
126193,0,0,1500,1500,0,0,0.0,0.0
126203,0,0,1500,1500,0,0,0.0,0.0
126213,0,0,1500,1500,0,0,0.0,0.0
126223,0,0,1500,1500,0,0,0.0,0.0
126233,0,0,1500,1500,0,0,0.0,0.0
126243,0,0,1500,1500,0,0,0.0,0.0
126253,0,0,1500,1500,0,0,0.0,0.0
126263,0,0,1500,1500,0,0,0.0,0.0
126273,0,0,1500,1500,0,0,0.0,0.0
126283,0,0,1500,1500,0,0,0.0,0.0
126294,0,0,1500,1500,0,0,0.0,0.0
126304,0,0,1500,1500,0,0,0.0,0.0
126314,0,0,1500,1500,0,0,0.0,0.0
126324,0,0,1500,1500,0,0,0.0,0.0
126334,0,0,1500,1500,0,0,0.0,0.0
126344,0,0,1500,1500,0,0,0.0,0.0
126354,0,0,1500,1500,0,0,0.0,0.0
126364,0,0,1500,1500,0,0,0.0,0.0
126374,0,0,1500,1500,0,0,0.0,0.0
126384,0,0,1500,1500,0,0,0.0,0.0
126394,0,0,1500,1500,0,0,0.0,0.0
126404,0,0,1500,1500,0,0,0.0,0.0
126414,0,0,1500,1500,0,0,0.0,0.0
126424,0,0,1500,1500,0,0,0.0,0.0
126434,0,0,1500,1500,0,0,0.0,0.0
126444,0,0,1500,1500,0,0,0.0,0.0
126454,0,0,1500,1500,0,0,0.0,0.0
126464,0,0,1500,1500,0,0,0.0,0.0
126474,0,0,1500,1500,0,0,0.0,0.0
126484,0,0,1500,1500,0,0,0.0,0.0
126494,0,0,1500,1500,0,0,0.0,0.0
126504,0,0,1500,1500,0,0,0.0,0.0
126514,0,0,1500,1500,0,0,0.0,0.0
126524,0,0,1500,1500,0,0,0.0,0.0
126534,0,0,1500,1500,0,0,0.0,0.0
126544,0,0,1500,1500,0,0,0.0,0.0
126554,0,0,1500,1500,0,0,0.0,0.0
126564,0,0,1500,1500,0,0,0.0,0.0
126574,0,0,1500,1500,0,0,0.0,0.0
126584,0,0,1500,1500,0,0,0.0,0.0
126594,0,0,1500,1500,0,0,0.0,0.0
126604,0,0,1500,1500,0,0,0.0,0.0
126614,0,0,1500,1500,0,0,0.0,0.0
126624,0,0,1500,1500,0,0,0.0,0.0
126635,0,0,1500,1500,0,0,0.0,0.0
126645,0,0,1500,1500,0,0,0.0,0.0
126655,0,0,1500,1500,0,0,0.0,0.0
126665,0,0,1500,1500,0,0,0.0,0.0
126675,0,0,1500,1500,0,0,0.0,0.0
126685,0,0,1500,1500,0,0,0.0,0.0
126695,0,0,1500,1500,0,0,0.0,0.0
126705,0,0,1500,1500,0,0,0.0,0.0
126715,0,0,1500,1500,0,0,0.0,0.0
126725,0,0,1500,1500,0,0,0.0,0.0
126735,0,0,1500,1500,0,0,0.0,0.0
126745,0,0,1500,1500,0,0,0.0,0.0
126755,0,0,1500,1500,0,0,0.0,0.0
126765,0,0,1500,1500,0,0,0.0,0.0
126775,0,0,1500,1500,0,0,0.0,0.0
126785,0,0,1500,1500,0,0,0.0,0.0
126795,0,0,1500,1500,0,0,0.0,0.0
126806,0,0,1500,1500,0,0,0.0,0.0
126816,0,0,1500,1500,0,0,0.0,0.0
126826,0,0,1500,1500,0,0,0.0,0.0
126836,0,0,1500,1500,0,0,0.0,0.0
126846,0,0,1500,1500,0,0,0.0,0.0
126856,0,0,1500,1500,0,0,0.0,0.0
126866,0,0,1500,1500,0,0,0.0,0.0
126876,0,0,1500,1500,0,0,0.0,0.0
126886,0,0,1500,1500,0,0,0.0,0.0
126896,0,0,1500,1500,0,0,0.0,0.0
126906,0,0,1500,1500,0,0,0.0,0.0
126916,0,0,1500,1500,0,0,0.0,0.0
126926,0,0,1500,1500,0,0,0.0,0.0
126936,0,0,1500,1500,0,0,0.0,0.0
126946,0,0,1500,1500,0,0,0.0,0.0
126956,0,0,1500,1500,0,0,0.0,0.0
126966,0,0,1500,1500,0,0,0.0,0.0
126976,0,0,1500,1500,0,0,0.0,0.0
126986,0,0,1500,1500,0,0,0.0,0.0
126996,0,0,1500,1500,0,0,0.0,0.0
127006,0,0,1500,1500,0,0,0.0,0.0
127016,0,0,1500,1500,0,0,0.0,0.0
127026,0,0,1500,1500,0,0,0.0,0.0
127036,0,0,1500,1500,0,0,0.0,0.0
127046,0,0,1500,1500,0,0,0.0,0.0
127056,0,0,1500,1500,0,0,0.0,0.0
127066,0,0,1500,1500,0,0,0.0,0.0
127076,0,0,1500,1500,0,0,0.0,0.0
127086,0,0,1500,1500,0,0,0.0,0.0
127096,0,0,1500,1500,0,0,0.0,0.0
127106,0,0,1500,1500,0,0,0.0,0.0
127116,0,0,1500,1500,0,0,0.0,0.0
127126,0,0,1500,1500,0,0,0.0,0.0
127136,0,0,1500,1500,0,0,0.0,0.0
127147,0,0,1500,1500,0,0,0.0,0.0
127157,0,0,1500,1500,0,0,0.0,0.0
127167,0,0,1500,1500,0,0,0.0,0.0
127177,0,0,1500,1500,0,0,0.0,0.0
127187,0,0,1500,1500,0,0,0.0,0.0
127197,0,0,1500,1500,0,0,0.0,0.0
127207,0,0,1500,1500,0,0,0.0,0.0
127217,0,0,1500,1500,0,0,0.0,0.0
127227,0,0,1500,1500,0,0,0.0,0.0
127237,0,0,1500,1500,0,0,0.0,0.0
127247,0,0,1500,1500,0,0,0.0,0.0
127257,0,0,1500,1500,0,0,0.0,0.0
127267,0,0,1500,1500,0,0,0.0,0.0
127277,0,0,1500,1500,0,0,0.0,0.0
127287,0,0,1500,1500,0,0,0.0,0.0
127297,0,0,1500,1500,0,0,0.0,0.0
127307,0,0,1500,1500,0,0,0.0,0.0
127318,0,0,1500,1500,0,0,0.0,0.0
127328,0,0,1500,1500,0,0,0.0,0.0
127338,0,0,1500,1500,0,0,0.0,0.0
127348,0,0,1500,1500,0,0,0.0,0.0
127358,0,0,1500,1500,0,0,0.0,0.0
127368,0,0,1500,1500,0,0,0.0,0.0
127378,0,0,1500,1500,0,0,0.0,0.0
127388,0,0,1500,1500,0,0,0.0,0.0
127398,0,0,1500,1500,0,0,0.0,0.0
127408,0,0,1500,1500,0,0,0.0,0.0
127418,0,0,1500,1500,0,0,0.0,0.0
127428,0,0,1500,1500,0,0,0.0,0.0
127438,0,0,1500,1500,0,0,0.0,0.0
127448,0,0,1500,1500,0,0,0.0,0.0
127458,0,0,1500,1500,0,0,0.0,0.0
127468,0,0,1500,1500,0,0,0.0,0.0
127478,0,0,1500,1500,0,0,0.0,0.0
127488,0,0,1500,1500,0,0,0.0,0.0
127498,0,0,1500,1500,0,0,0.0,0.0
127508,0,0,1500,1500,0,0,0.0,0.0
127518,0,0,1500,1500,0,0,0.0,0.0
127528,0,0,1500,1500,0,0,0.0,0.0
127538,0,0,1500,1500,0,0,0.0,0.0
127548,0,0,1500,1500,0,0,0.0,0.0
127558,0,0,1500,1500,0,0,0.0,0.0
127568,0,0,1500,1500,0,0,0.0,0.0
127578,0,0,1500,1500,0,0,0.0,0.0
127588,0,0,1500,1500,0,0,0.0,0.0
127598,0,0,1500,1500,0,0,0.0,0.0
127608,0,0,1500,1500,0,0,0.0,0.0
127618,0,0,1500,1500,0,0,0.0,0.0
127628,0,0,1500,1500,0,0,0.0,0.0
127638,0,0,1500,1500,0,0,0.0,0.0
127648,0,0,1500,1500,0,0,0.0,0.0
127659,0,0,1500,1500,0,0,0.0,0.0
127669,0,0,1500,1500,0,0,0.0,0.0
127679,0,0,1500,1500,0,0,0.0,0.0
127689,0,0,1500,1500,0,0,0.0,0.0
127699,0,0,1500,1500,0,0,0.0,0.0
127709,0,0,1500,1500,0,0,0.0,0.0
127719,0,0,1500,1500,0,0,0.0,0.0
127729,0,0,1500,1500,0,0,0.0,0.0
127739,0,0,1500,1500,0,0,0.0,0.0
127749,0,0,1500,1500,0,0,0.0,0.0
127759,0,0,1500,1500,0,0,0.0,0.0
127769,0,0,1500,1500,0,0,0.0,0.0
127779,0,0,1500,1500,0,0,0.0,0.0
127789,0,0,1500,1500,0,0,0.0,0.0
127799,0,0,1500,1500,0,0,0.0,0.0
127809,0,0,1500,1500,0,0,0.0,0.0
127819,0,0,1500,1500,0,0,0.0,0.0
127830,0,0,1500,1500,0,0,0.0,0.0
127840,0,0,1500,1500,0,0,0.0,0.0
127850,0,0,1500,1500,0,0,0.0,0.0
127860,0,0,1500,1500,0,0,0.0,0.0
127870,0,0,1500,1500,0,0,0.0,0.0
127880,0,0,1500,1500,0,0,0.0,0.0
127890,0,0,1500,1500,0,0,0.0,0.0
127900,0,0,1500,1500,0,0,0.0,0.0
127910,0,0,1500,1500,0,0,0.0,0.0
127920,0,0,1500,1500,0,0,0.0,0.0
127930,0,0,1500,1500,0,0,0.0,0.0
127940,0,0,1500,1500,0,0,0.0,0.0
127950,0,0,1500,1500,0,0,0.0,0.0
127960,0,0,1500,1500,0,0,0.0,0.0
127970,0,0,1500,1500,0,0,0.0,0.0
127980,0,0,1500,1500,0,0,0.0,0.0
127990,0,0,1500,1500,0,0,0.0,0.0
128000,0,0,1500,1500,0,0,0.0,0.0
128010,0,0,1500,1500,0,0,0.0,0.0
128020,0,0,1500,1500,0,0,0.0,0.0
128030,0,0,1500,1500,0,0,0.0,0.0
128040,0,0,1500,1500,0,0,0.0,0.0
128050,0,0,1500,1500,0,0,0.0,0.0
128060,0,0,1500,1500,0,0,0.0,0.0
128070,0,0,1500,1500,0,0,0.0,0.0
128080,0,0,1500,1500,0,0,0.0,0.0
128090,0,0,1500,1500,0,0,0.0,0.0
128100,0,0,1500,1500,0,0,0.0,0.0
128110,0,0,1500,1500,0,0,0.0,0.0
128120,0,0,1500,1500,0,0,0.0,0.0
128130,0,0,1500,1500,0,0,0.0,0.0
128140,0,0,1500,1500,0,0,0.0,0.0
128150,0,0,1500,1500,0,0,0.0,0.0
128160,0,0,1500,1500,0,0,0.0,0.0
128171,0,0,1500,1500,0,0,0.0,0.0
128181,0,0,1500,1500,0,0,0.0,0.0
128191,0,0,1500,1500,0,0,0.0,0.0
128201,0,0,1500,1500,0,0,0.0,0.0
128211,0,0,1500,1500,0,0,0.0,0.0
128221,0,0,1500,1500,0,0,0.0,0.0
128231,0,0,1500,1500,0,0,0.0,0.0
128241,0,0,1500,1500,0,0,0.0,0.0
128251,0,0,1500,1500,0,0,0.0,0.0
128261,0,0,1500,1500,0,0,0.0,0.0
128271,0,0,1500,1500,0,0,0.0,0.0
128281,0,0,1500,1500,0,0,0.0,0.0
128291,0,0,1500,1500,0,0,0.0,0.0
128301,0,0,1500,1500,0,0,0.0,0.0
128311,0,0,1500,1500,0,0,0.0,0.0
128321,0,0,1500,1500,0,0,0.0,0.0
128331,0,0,1500,1500,0,0,0.0,0.0
128342,0,0,1500,1500,0,0,0.0,0.0
128352,0,0,1500,1500,0,0,0.0,0.0
128362,0,0,1500,1500,0,0,0.0,0.0
128372,0,0,1500,1500,0,0,0.0,0.0
128382,0,0,1500,1500,0,0,0.0,0.0
128392,0,0,1500,1500,0,0,0.0,0.0
128402,0,0,1500,1500,0,0,0.0,0.0
128412,0,0,1500,1500,0,0,0.0,0.0
128422,0,0,1500,1500,0,0,0.0,0.0
128432,0,0,1500,1500,0,0,0.0,0.0
128442,0,0,1500,1500,0,0,0.0,0.0
128452,0,0,1500,1500,0,0,0.0,0.0
128462,0,0,1500,1500,0,0,0.0,0.0
128472,0,0,1500,1500,0,0,0.0,0.0
128482,0,0,1500,1500,0,0,0.0,0.0
128492,0,0,1500,1500,0,0,0.0,0.0
128502,0,0,1500,1500,0,0,0.0,0.0
128512,0,0,1500,1500,0,0,0.0,0.0
128522,0,0,1500,1500,0,0,0.0,0.0
128532,0,0,1500,1500,0,0,0.0,0.0
128542,0,0,1500,1500,0,0,0.0,0.0
128552,0,0,1500,1500,0,0,0.0,0.0
128562,0,0,1500,1500,0,0,0.0,0.0
128572,0,0,1500,1500,0,0,0.0,0.0
128582,0,0,1500,1500,0,0,0.0,0.0
128592,0,0,1500,1500,0,0,0.0,0.0
128602,0,0,1500,1500,0,0,0.0,0.0
128612,0,0,1500,1500,0,0,0.0,0.0
128622,0,0,1500,1500,0,0,0.0,0.0
128632,0,0,1500,1500,0,0,0.0,0.0
128642,0,0,1500,1500,0,0,0.0,0.0
128652,0,0,1500,1500,0,0,0.0,0.0
128662,0,0,1500,1500,0,0,0.0,0.0
128672,0,0,1500,1500,0,0,0.0,0.0
128683,0,0,1500,1500,0,0,0.0,0.0
128693,0,0,1500,1500,0,0,0.0,0.0
128703,0,0,1500,1500,0,0,0.0,0.0
128713,0,0,1500,1500,0,0,0.0,0.0
128723,0,0,1500,1500,0,0,0.0,0.0
128733,0,0,1500,1500,0,0,0.0,0.0
128743,0,0,1500,1500,0,0,0.0,0.0
128753,0,0,1500,1500,0,0,0.0,0.0
128763,0,0,1500,1500,0,0,0.0,0.0
128773,0,0,1500,1500,0,0,0.0,0.0
128783,0,0,1500,1500,0,0,0.0,0.0
128793,0,0,1500,1500,0,0,0.0,0.0
128803,0,0,1500,1500,0,0,0.0,0.0
128813,0,0,1500,1500,0,0,0.0,0.0
128823,0,0,1500,1500,0,0,0.0,0.0
128833,0,0,1500,1500,0,0,0.0,0.0
128843,0,0,1500,1500,0,0,0.0,0.0
128854,0,0,1500,1500,0,0,0.0,0.0
128864,0,0,1500,1500,0,0,0.0,0.0
128874,0,0,1500,1500,0,0,0.0,0.0
128884,0,0,1500,1500,0,0,0.0,0.0
128894,0,0,1500,1500,0,0,0.0,0.0
128904,0,0,1500,1500,0,0,0.0,0.0
128914,0,0,1500,1500,0,0,0.0,0.0
128924,0,0,1500,1500,0,0,0.0,0.0
128934,0,0,1500,1500,0,0,0.0,0.0
128944,0,0,1500,1500,0,0,0.0,0.0
128954,0,0,1500,1500,0,0,0.0,0.0
128964,0,0,1500,1500,0,0,0.0,0.0
128974,0,0,1500,1500,0,0,0.0,0.0
128984,0,0,1500,1500,0,0,0.0,0.0
128994,0,0,1500,1500,0,0,0.0,0.0
129004,0,0,1500,1500,0,0,0.0,0.0
129014,0,0,1500,1500,0,0,0.0,0.0
129024,0,0,1500,1500,0,0,0.0,0.0
129034,0,0,1500,1500,0,0,0.0,0.0
129044,0,0,1500,1500,0,0,0.0,0.0
129054,0,0,1500,1500,0,0,0.0,0.0
129064,0,0,1500,1500,0,0,0.0,0.0
129074,0,0,1500,1500,0,0,0.0,0.0
129084,0,0,1500,1500,0,0,0.0,0.0
129094,0,0,1500,1500,0,0,0.0,0.0
129104,0,0,1500,1500,0,0,0.0,0.0
129114,0,0,1500,1500,0,0,0.0,0.0
129124,0,0,1500,1500,0,0,0.0,0.0
129134,0,0,1500,1500,0,0,0.0,0.0
129144,0,0,1500,1500,0,0,0.0,0.0
129154,0,0,1500,1500,0,0,0.0,0.0
129164,0,0,1500,1500,0,0,0.0,0.0
129174,0,0,1500,1500,0,0,0.0,0.0
129184,0,0,1500,1500,0,0,0.0,0.0
129195,0,0,1500,1500,0,0,0.0,0.0
129205,0,0,1500,1500,0,0,0.0,0.0
129215,0,0,1500,1500,0,0,0.0,0.0
129225,0,0,1500,1500,0,0,0.0,0.0
129235,0,0,1500,1500,0,0,0.0,0.0
129245,0,0,1500,1500,0,0,0.0,0.0
129255,0,0,1500,1500,0,0,0.0,0.0
129265,0,0,1500,1500,0,0,0.0,0.0
129275,0,0,1500,1500,0,0,0.0,0.0
129285,0,0,1500,1500,0,0,0.0,0.0
129295,0,0,1500,1500,0,0,0.0,0.0
129305,0,0,1500,1500,0,0,0.0,0.0
129315,0,0,1500,1500,0,0,0.0,0.0
129325,0,0,1500,1500,0,0,0.0,0.0
129335,0,0,1500,1500,0,0,0.0,0.0
129345,0,0,1500,1500,0,0,0.0,0.0
129355,0,0,1500,1500,0,0,0.0,0.0
129366,0,0,1500,1500,0,0,0.0,0.0
129376,0,0,1500,1500,0,0,0.0,0.0
129386,0,0,1500,1500,0,0,0.0,0.0
129396,0,0,1500,1500,0,0,0.0,0.0
129406,0,0,1500,1500,0,0,0.0,0.0
129416,0,0,1500,1500,0,0,0.0,0.0
129426,0,0,1500,1500,0,0,0.0,0.0
129436,0,0,1500,1500,0,0,0.0,0.0
129446,0,0,1500,1500,0,0,0.0,0.0
129456,0,0,1500,1500,0,0,0.0,0.0
129466,0,0,1500,1500,0,0,0.0,0.0
129476,0,0,1500,1500,0,0,0.0,0.0
129486,0,0,1500,1500,0,0,0.0,0.0
129496,0,0,1500,1500,0,0,0.0,0.0
129506,0,0,1500,1500,0,0,0.0,0.0
129516,0,0,1500,1500,0,0,0.0,0.0
129526,0,0,1500,1500,0,0,0.0,0.0
129536,0,0,1500,1500,0,0,0.0,0.0
129546,0,0,1500,1500,0,0,0.0,0.0
129556,0,0,1500,1500,0,0,0.0,0.0
129566,0,0,1500,1500,0,0,0.0,0.0
129576,0,0,1500,1500,0,0,0.0,0.0
129586,0,0,1500,1500,0,0,0.0,0.0
129596,0,0,1500,1500,0,0,0.0,0.0
129606,0,0,1500,1500,0,0,0.0,0.0
129616,0,0,1500,1500,0,0,0.0,0.0
129626,0,0,1500,1500,0,0,0.0,0.0
129636,0,0,1500,1500,0,0,0.0,0.0
129646,0,0,1500,1500,0,0,0.0,0.0
129656,0,0,1500,1500,0,0,0.0,0.0
129666,0,0,1500,1500,0,0,0.0,0.0
129676,0,0,1500,1500,0,0,0.0,0.0
129686,0,0,1500,1500,0,0,0.0,0.0
129696,0,0,1500,1500,0,0,0.0,0.0
129707,0,0,1500,1500,0,0,0.0,0.0
129717,0,0,1500,1500,0,0,0.0,0.0
129727,0,0,1500,1500,0,0,0.0,0.0
129737,0,0,1500,1500,0,0,0.0,0.0
129747,0,0,1500,1500,0,0,0.0,0.0
129757,0,0,1500,1500,0,0,0.0,0.0
129767,0,0,1500,1500,0,0,0.0,0.0
129777,0,0,1500,1500,0,0,0.0,0.0
129787,0,0,1500,1500,0,0,0.0,0.0
129797,0,0,1500,1500,0,0,0.0,0.0
129807,0,0,1500,1500,0,0,0.0,0.0
129817,0,0,1500,1500,0,0,0.0,0.0
129827,0,0,1500,1500,0,0,0.0,0.0
129837,0,0,1500,1500,0,0,0.0,0.0
129847,0,0,1500,1500,0,0,0.0,0.0
129857,0,0,1500,1500,0,0,0.0,0.0
129867,0,0,1500,1500,0,0,0.0,0.0
129878,0,0,1500,1500,0,0,0.0,0.0
129888,0,0,1500,1500,0,0,0.0,0.0
129898,0,0,1500,1500,0,0,0.0,0.0
129908,0,0,1500,1500,0,0,0.0,0.0
129918,0,0,1500,1500,0,0,0.0,0.0
129928,0,0,1500,1500,0,0,0.0,0.0
129938,0,0,1500,1500,0,0,0.0,0.0
129948,0,0,1500,1500,0,0,0.0,0.0
129958,0,0,1500,1500,0,0,0.0,0.0
129968,0,0,1500,1500,0,0,0.0,0.0
129978,0,0,1500,1500,0,0,0.0,0.0
129988,0,0,1500,1500,0,0,0.0,0.0
129998,0,0,1500,1500,0,0,0.0,0.0
130008,0,0,1500,1500,0,0,0.0,0.0
130018,0,0,1500,1500,0,0,0.0,0.0
130028,0,0,1500,1500,0,0,0.0,0.0
130038,0,0,1500,1500,0,0,0.0,0.0
130048,0,0,1500,1500,0,0,0.0,0.0
130058,0,0,1500,1500,0,0,0.0,0.0
130068,0,0,1500,1500,0,0,0.0,0.0
130078,0,0,1500,1500,0,0,0.0,0.0
130088,0,0,1500,1500,0,0,0.0,0.0
130098,0,0,1500,1500,0,0,0.0,0.0
130108,0,0,1500,1500,0,0,0.0,0.0
130118,0,0,1500,1500,0,0,0.0,0.0
130128,0,0,1500,1500,0,0,0.0,0.0
130138,0,0,1500,1500,0,0,0.0,0.0
130148,0,0,1500,1500,0,0,0.0,0.0
130158,0,0,1500,1500,0,0,0.0,0.0
130168,0,0,1500,1500,0,0,0.0,0.0
130178,0,0,1500,1500,0,0,0.0,0.0
130188,0,0,1500,1500,0,0,0.0,0.0
130198,0,0,1500,1500,0,0,0.0,0.0
130208,0,0,1500,1500,0,0,0.0,0.0
130219,0,0,1500,1500,0,0,0.0,0.0
130229,0,0,1500,1500,0,0,0.0,0.0
130239,0,0,1500,1500,0,0,0.0,0.0
130249,0,0,1500,1500,0,0,0.0,0.0
130259,0,0,1500,1500,0,0,0.0,0.0
130269,0,0,1500,1500,0,0,0.0,0.0
130279,0,0,1500,1500,0,0,0.0,0.0
130289,0,0,1500,1500,0,0,0.0,0.0
130299,0,0,1500,1500,0,0,0.0,0.0
130309,0,0,1500,1500,0,0,0.0,0.0
130319,0,0,1500,1500,0,0,0.0,0.0
130329,0,0,1500,1500,0,0,0.0,0.0
130339,0,0,1500,1500,0,0,0.0,0.0
130349,0,0,1500,1500,0,0,0.0,0.0
130359,0,0,1500,1500,0,0,0.0,0.0
130369,0,0,1500,1500,0,0,0.0,0.0
130379,0,0,1500,1500,0,0,0.0,0.0
130390,0,0,1500,1500,0,0,0.0,0.0
130400,0,0,1500,1500,0,0,0.0,0.0
130410,0,0,1500,1500,0,0,0.0,0.0
130420,0,0,1500,1500,0,0,0.0,0.0
130430,0,0,1500,1500,0,0,0.0,0.0
130440,0,0,1500,1500,0,0,0.0,0.0
130450,0,0,1500,1500,0,0,0.0,0.0
130460,0,0,1500,1500,0,0,0.0,0.0
130470,0,0,1500,1500,0,0,0.0,0.0
130480,0,0,1500,1500,0,0,0.0,0.0
130490,0,0,1500,1500,0,0,0.0,0.0
130500,0,0,1500,1500,0,0,0.0,0.0
130510,0,0,1500,1500,0,0,0.0,0.0
130520,0,0,1500,1500,0,0,0.0,0.0
130530,0,0,1500,1500,0,0,0.0,0.0
130540,0,0,1500,1500,0,0,0.0,0.0
130550,0,0,1500,1500,0,0,0.0,0.0
130560,0,0,1500,1500,0,0,0.0,0.0
130570,0,0,1500,1500,0,0,0.0,0.0
130580,0,0,1500,1500,0,0,0.0,0.0
130590,0,0,1500,1500,0,0,0.0,0.0
130600,0,0,1500,1500,0,0,0.0,0.0
130610,0,0,1500,1500,0,0,0.0,0.0
130620,0,0,1500,1500,0,0,0.0,0.0
130630,0,0,1500,1500,0,0,0.0,0.0
130640,0,0,1500,1500,0,0,0.0,0.0
130650,0,0,1500,1500,0,0,0.0,0.0
130660,0,0,1500,1500,0,0,0.0,0.0
130670,0,0,1500,1500,0,0,0.0,0.0
130680,0,0,1500,1500,0,0,0.0,0.0
130690,0,0,1500,1500,0,0,0.0,0.0
130700,0,0,1500,1500,0,0,0.0,0.0
130710,0,0,1500,1500,0,0,0.0,0.0
130720,0,0,1500,1500,0,0,0.0,0.0
130731,0,0,1500,1500,0,0,0.0,0.0
130741,0,0,1500,1500,0,0,0.0,0.0
130751,0,0,1500,1500,0,0,0.0,0.0
130761,0,0,1500,1500,0,0,0.0,0.0
130771,0,0,1500,1500,0,0,0.0,0.0
130781,0,0,1500,1500,0,0,0.0,0.0
130791,0,0,1500,1500,0,0,0.0,0.0
130801,0,0,1500,1500,0,0,0.0,0.0
130811,0,0,1500,1500,0,0,0.0,0.0
130821,0,0,1500,1500,0,0,0.0,0.0
130831,0,0,1500,1500,0,0,0.0,0.0
130841,0,0,1500,1500,0,0,0.0,0.0
130851,0,0,1500,1500,0,0,0.0,0.0
130861,0,0,1500,1500,0,0,0.0,0.0
130871,0,0,1500,1500,0,0,0.0,0.0
130881,0,0,1500,1500,0,0,0.0,0.0
130891,0,0,1500,1500,0,0,0.0,0.0
130902,0,0,1500,1500,0,0,0.0,0.0
130912,0,0,1500,1500,0,0,0.0,0.0
130922,0,0,1500,1500,0,0,0.0,0.0
130932,0,0,1500,1500,0,0,0.0,0.0
130942,0,0,1500,1500,0,0,0.0,0.0
130952,0,0,1500,1500,0,0,0.0,0.0
130962,0,0,1500,1500,0,0,0.0,0.0
130972,0,0,1500,1500,0,0,0.0,0.0
130982,0,0,1500,1500,0,0,0.0,0.0
130992,0,0,1500,1500,0,0,0.0,0.0
131002,0,0,1500,1500,0,0,0.0,0.0
131012,0,0,1500,1500,0,0,0.0,0.0
131022,0,0,1500,1500,0,0,0.0,0.0
131032,0,0,1500,1500,0,0,0.0,0.0
131042,0,0,1500,1500,0,0,0.0,0.0
131052,0,0,1500,1500,0,0,0.0,0.0
131062,0,0,1500,1500,0,0,0.0,0.0
131072,0,0,1500,1500,0,0,0.0,0.0
131082,0,0,1500,1500,0,0,0.0,0.0
131092,0,0,1500,1500,0,0,0.0,0.0
131102,0,0,1500,1500,0,0,0.0,0.0
131112,0,0,1500,1500,0,0,0.0,0.0
131122,0,0,1500,1500,0,0,0.0,0.0
131132,0,0,1500,1500,0,0,0.0,0.0
131142,0,0,1500,1500,0,0,0.0,0.0
131152,0,0,1500,1500,0,0,0.0,0.0
131162,0,0,1500,1500,0,0,0.0,0.0
131172,0,0,1500,1500,0,0,0.0,0.0
131182,0,0,1500,1500,0,0,0.0,0.0
131192,0,0,1500,1500,0,0,0.0,0.0
131202,0,0,1500,1500,0,0,0.0,0.0
131212,0,0,1500,1500,0,0,0.0,0.0
131222,0,0,1500,1500,0,0,0.0,0.0
131232,0,0,1500,1500,0,0,0.0,0.0
131243,0,0,1500,1500,0,0,0.0,0.0
131253,0,0,1500,1500,0,0,0.0,0.0
131263,0,0,1500,1500,0,0,0.0,0.0
131273,0,0,1500,1500,0,0,0.0,0.0
131283,0,0,1500,1500,0,0,0.0,0.0
131293,0,0,1500,1500,0,0,0.0,0.0
131303,0,0,1500,1500,0,0,0.0,0.0
131313,0,0,1500,1500,0,0,0.0,0.0
131323,0,0,1500,1500,0,0,0.0,0.0
131333,0,0,1500,1500,0,0,0.0,0.0
131343,0,0,1500,1500,0,0,0.0,0.0
131353,0,0,1500,1500,0,0,0.0,0.0
131363,0,0,1500,1500,0,0,0.0,0.0
131373,0,0,1500,1500,0,0,0.0,0.0
131383,0,0,1500,1500,0,0,0.0,0.0
131393,0,0,1500,1500,0,0,0.0,0.0
131403,0,0,1500,1500,0,0,0.0,0.0
131414,0,0,1500,1500,0,0,0.0,0.0
131424,0,0,1500,1500,0,0,0.0,0.0
131434,0,0,1500,1500,0,0,0.0,0.0
131444,0,0,1500,1500,0,0,0.0,0.0
131454,0,0,1500,1500,0,0,0.0,0.0
131464,0,0,1500,1500,0,0,0.0,0.0
131474,0,0,1500,1500,0,0,0.0,0.0
131484,0,0,1500,1500,0,0,0.0,0.0
131494,0,0,1500,1500,0,0,0.0,0.0
131504,0,0,1500,1500,0,0,0.0,0.0
131514,0,0,1500,1500,0,0,0.0,0.0
131524,0,0,1500,1500,0,0,0.0,0.0
131534,0,0,1500,1500,0,0,0.0,0.0
131544,0,0,1500,1500,0,0,0.0,0.0
131554,0,0,1500,1500,0,0,0.0,0.0
131564,0,0,1500,1500,0,0,0.0,0.0
131574,0,0,1500,1500,0,0,0.0,0.0
131584,0,0,1500,1500,0,0,0.0,0.0
131594,0,0,1500,1500,0,0,0.0,0.0
131604,0,0,1500,1500,0,0,0.0,0.0
131614,0,0,1500,1500,0,0,0.0,0.0
131624,0,0,1500,1500,0,0,0.0,0.0
131634,0,0,1500,1500,0,0,0.0,0.0
131644,0,0,1500,1500,0,0,0.0,0.0
131654,0,0,1500,1500,0,0,0.0,0.0
131664,0,0,1500,1500,0,0,0.0,0.0
131674,0,0,1500,1500,0,0,0.0,0.0
131684,0,0,1500,1500,0,0,0.0,0.0
131694,0,0,1500,1500,0,0,0.0,0.0
131704,0,0,1500,1500,0,0,0.0,0.0
131714,0,0,1500,1500,0,0,0.0,0.0
131724,0,0,1500,1500,0,0,0.0,0.0
131734,0,0,1500,1500,0,0,0.0,0.0
131744,0,0,1500,1500,0,0,0.0,0.0
131755,0,0,1500,1500,0,0,0.0,0.0
131765,0,0,1500,1500,0,0,0.0,0.0
131775,0,0,1500,1500,0,0,0.0,0.0
131785,0,0,1500,1500,0,0,0.0,0.0
131795,0,0,1500,1500,0,0,0.0,0.0
131805,0,0,1500,1500,0,0,0.0,0.0
131815,0,0,1500,1500,0,0,0.0,0.0
131825,0,0,1500,1500,0,0,0.0,0.0
131835,0,0,1500,1500,0,0,0.0,0.0
131845,0,0,1500,1500,0,0,0.0,0.0
131855,0,0,1500,1500,0,0,0.0,0.0
131865,0,0,1500,1500,0,0,0.0,0.0
131875,0,0,1500,1500,0,0,0.0,0.0
131885,0,0,1500,1500,0,0,0.0,0.0
131895,0,0,1500,1500,0,0,0.0,0.0
131905,0,0,1500,1500,0,0,0.0,0.0
131915,0,0,1500,1500,0,0,0.0,0.0
131926,0,0,1500,1500,0,0,0.0,0.0
131936,0,0,1500,1500,0,0,0.0,0.0
131946,0,0,1500,1500,0,0,0.0,0.0
131956,0,0,1500,1500,0,0,0.0,0.0
131966,0,0,1500,1500,0,0,0.0,0.0
131976,0,0,1500,1500,0,0,0.0,0.0
131986,0,0,1500,1500,0,0,0.0,0.0
131996,0,0,1500,1500,0,0,0.0,0.0
132006,0,0,1500,1500,0,0,0.0,0.0
132016,0,0,1500,1500,0,0,0.0,0.0
132026,0,0,1500,1500,0,0,0.0,0.0
132036,0,0,1500,1500,0,0,0.0,0.0
132046,0,0,1500,1500,0,0,0.0,0.0
132056,0,0,1500,1500,0,0,0.0,0.0
132066,0,0,1500,1500,0,0,0.0,0.0
132076,0,0,1500,1500,0,0,0.0,0.0
132086,0,0,1500,1500,0,0,0.0,0.0
132096,0,0,1500,1500,0,0,0.0,0.0
132106,0,0,1500,1500,0,0,0.0,0.0
132116,0,0,1500,1500,0,0,0.0,0.0
132126,0,0,1500,1500,0,0,0.0,0.0
132136,0,0,1500,1500,0,0,0.0,0.0
132146,0,0,1500,1500,0,0,0.0,0.0
132156,0,0,1500,1500,0,0,0.0,0.0
132166,0,0,1500,1500,0,0,0.0,0.0
132176,0,0,1500,1500,0,0,0.0,0.0
132186,0,0,1500,1500,0,0,0.0,0.0
132196,0,0,1500,1500,0,0,0.0,0.0
132206,0,0,1500,1500,0,0,0.0,0.0
132216,0,0,1500,1500,0,0,0.0,0.0
132226,0,0,1500,1500,0,0,0.0,0.0
132236,0,0,1500,1500,0,0,0.0,0.0
132246,0,0,1500,1500,0,0,0.0,0.0
132256,0,0,1500,1500,0,0,0.0,0.0
132267,0,0,1500,1500,0,0,0.0,0.0
132277,0,0,1500,1500,0,0,0.0,0.0
132287,0,0,1500,1500,0,0,0.0,0.0
132297,0,0,1500,1500,0,0,0.0,0.0
132307,0,0,1500,1500,0,0,0.0,0.0
132317,0,0,1500,1500,0,0,0.0,0.0
132327,0,0,1500,1500,0,0,0.0,0.0
132337,0,0,1500,1500,0,0,0.0,0.0
132347,0,0,1500,1500,0,0,0.0,0.0
132357,0,0,1500,1500,0,0,0.0,0.0
132367,0,0,1500,1500,0,0,0.0,0.0
132377,0,0,1500,1500,0,0,0.0,0.0
132387,0,0,1500,1500,0,0,0.0,0.0
132397,0,0,1500,1500,0,0,0.0,0.0
132407,0,0,1500,1500,0,0,0.0,0.0
132417,0,0,1500,1500,0,0,0.0,0.0
132427,0,0,1500,1500,0,0,0.0,0.0
132438,0,0,1500,1500,0,0,0.0,0.0
132448,0,0,1500,1500,0,0,0.0,0.0
132458,0,0,1500,1500,0,0,0.0,0.0
132468,0,0,1500,1500,0,0,0.0,0.0
132478,0,0,1500,1500,0,0,0.0,0.0
132488,0,0,1500,1500,0,0,0.0,0.0
132498,0,0,1500,1500,0,0,0.0,0.0
132508,0,0,1500,1500,0,0,0.0,0.0
132518,0,0,1500,1500,0,0,0.0,0.0
132528,0,0,1500,1500,0,0,0.0,0.0
132538,0,0,1500,1500,0,0,0.0,0.0
132548,0,0,1500,1500,0,0,0.0,0.0
132558,0,0,1500,1500,0,0,0.0,0.0
132568,0,0,1500,1500,0,0,0.0,0.0
132578,0,0,1500,1500,0,0,0.0,0.0
132588,0,0,1500,1500,0,0,0.0,0.0
132598,0,0,1500,1500,0,0,0.0,0.0
132608,0,0,1500,1500,0,0,0.0,0.0
132618,0,0,1500,1500,0,0,0.0,0.0
132628,0,0,1500,1500,0,0,0.0,0.0
132638,0,0,1500,1500,0,0,0.0,0.0
132648,0,0,1500,1500,0,0,0.0,0.0
132658,0,0,1500,1500,0,0,0.0,0.0
132668,0,0,1500,1500,0,0,0.0,0.0
132678,0,0,1500,1500,0,0,0.0,0.0
132688,0,0,1500,1500,0,0,0.0,0.0
132698,0,0,1500,1500,0,0,0.0,0.0
132708,0,0,1500,1500,0,0,0.0,0.0
132718,0,0,1500,1500,0,0,0.0,0.0
132728,0,0,1500,1500,0,0,0.0,0.0
132738,0,0,1500,1500,0,0,0.0,0.0
132748,0,0,1500,1500,0,0,0.0,0.0
132758,0,0,1500,1500,0,0,0.0,0.0
132768,0,0,1500,1500,0,0,0.0,0.0
132779,0,0,1500,1500,0,0,0.0,0.0
132789,0,0,1500,1500,0,0,0.0,0.0
132799,0,0,1500,1500,0,0,0.0,0.0
132809,0,0,1500,1500,0,0,0.0,0.0
132819,0,0,1500,1500,0,0,0.0,0.0
132829,0,0,1500,1500,0,0,0.0,0.0
132839,0,0,1500,1500,0,0,0.0,0.0
132849,0,0,1500,1500,0,0,0.0,0.0
132859,0,0,1500,1500,0,0,0.0,0.0
132869,0,0,1500,1500,0,0,0.0,0.0
132879,0,0,1500,1500,0,0,0.0,0.0
132889,0,0,1500,1500,0,0,0.0,0.0
132899,0,0,1500,1500,0,0,0.0,0.0
132909,0,0,1500,1500,0,0,0.0,0.0
132919,0,0,1500,1500,0,0,0.0,0.0
132929,0,0,1500,1500,0,0,0.0,0.0
132939,0,0,1500,1500,0,0,0.0,0.0
132950,0,0,1500,1500,0,0,0.0,0.0
132960,0,0,1500,1500,0,0,0.0,0.0
132970,0,0,1500,1500,0,0,0.0,0.0
132980,0,0,1500,1500,0,0,0.0,0.0
132990,0,0,1500,1500,0,0,0.0,0.0
133000,0,0,1500,1500,0,0,0.0,0.0
133010,0,0,1500,1500,0,0,0.0,0.0
133020,0,0,1500,1500,0,0,0.0,0.0
133030,0,0,1500,1500,0,0,0.0,0.0
133040,0,0,1500,1500,0,0,0.0,0.0
133050,0,0,1500,1500,0,0,0.0,0.0
133060,0,0,1500,1500,0,0,0.0,0.0
133070,0,0,1500,1500,0,0,0.0,0.0
133080,0,0,1500,1500,0,0,0.0,0.0
133090,0,0,1500,1500,0,0,0.0,0.0
133100,0,0,1500,1500,0,0,0.0,0.0
133110,0,0,1500,1500,0,0,0.0,0.0
133120,0,0,1500,1500,0,0,0.0,0.0
133130,0,0,1500,1500,0,0,0.0,0.0
133140,0,0,1500,1500,0,0,0.0,0.0
133150,0,0,1500,1500,0,0,0.0,0.0
133160,0,0,1500,1500,0,0,0.0,0.0
133170,0,0,1500,1500,0,0,0.0,0.0
133180,0,0,1500,1500,0,0,0.0,0.0
133190,0,0,1500,1500,0,0,0.0,0.0
133200,0,0,1500,1500,0,0,0.0,0.0
133210,0,0,1500,1500,0,0,0.0,0.0
133220,0,0,1500,1500,0,0,0.0,0.0
133230,0,0,1500,1500,0,0,0.0,0.0
133240,0,0,1500,1500,0,0,0.0,0.0
133250,0,0,1500,1500,0,0,0.0,0.0
133260,0,0,1500,1500,0,0,0.0,0.0
133270,0,0,1500,1500,0,0,0.0,0.0
133280,0,0,1500,1500,0,0,0.0,0.0
133291,0,0,1500,1500,0,0,0.0,0.0
133301,0,0,1500,1500,0,0,0.0,0.0
133311,0,0,1500,1500,0,0,0.0,0.0
133321,0,0,1500,1500,0,0,0.0,0.0
133331,0,0,1500,1500,0,0,0.0,0.0
133341,0,0,1500,1500,0,0,0.0,0.0
133351,0,0,1500,1500,0,0,0.0,0.0
133361,0,0,1500,1500,0,0,0.0,0.0
133371,0,0,1500,1500,0,0,0.0,0.0
133381,0,0,1500,1500,0,0,0.0,0.0
133391,0,0,1500,1500,0,0,0.0,0.0
133401,0,0,1500,1500,0,0,0.0,0.0
133411,0,0,1500,1500,0,0,0.0,0.0
133421,0,0,1500,1500,0,0,0.0,0.0
133431,0,0,1500,1500,0,0,0.0,0.0
133441,0,0,1500,1500,0,0,0.0,0.0
133451,0,0,1500,1500,0,0,0.0,0.0
133462,0,0,1500,1500,0,0,0.0,0.0
133472,0,0,1500,1500,0,0,0.0,0.0
133482,0,0,1500,1500,0,0,0.0,0.0
133492,0,0,1500,1500,0,0,0.0,0.0
133502,0,0,1500,1500,0,0,0.0,0.0
133512,0,0,1500,1500,0,0,0.0,0.0
133522,0,0,1500,1500,0,0,0.0,0.0
133532,0,0,1500,1500,0,0,0.0,0.0
133542,0,0,1500,1500,0,0,0.0,0.0
133552,0,0,1500,1500,0,0,0.0,0.0
133562,0,0,1500,1500,0,0,0.0,0.0
133572,0,0,1500,1500,0,0,0.0,0.0
133582,0,0,1500,1500,0,0,0.0,0.0
133592,0,0,1500,1500,0,0,0.0,0.0
133602,0,0,1500,1500,0,0,0.0,0.0
133612,0,0,1500,1500,0,0,0.0,0.0
133622,0,0,1500,1500,0,0,0.0,0.0
133632,0,0,1500,1500,0,0,0.0,0.0
133642,0,0,1500,1500,0,0,0.0,0.0
133652,0,0,1500,1500,0,0,0.0,0.0
133662,0,0,1500,1500,0,0,0.0,0.0
133672,0,0,1500,1500,0,0,0.0,0.0
133682,0,0,1500,1500,0,0,0.0,0.0
133692,0,0,1500,1500,0,0,0.0,0.0
133702,0,0,1500,1500,0,0,0.0,0.0
133712,0,0,1500,1500,0,0,0.0,0.0
133722,0,0,1500,1500,0,0,0.0,0.0
133732,0,0,1500,1500,0,0,0.0,0.0
133742,0,0,1500,1500,0,0,0.0,0.0
133752,0,0,1500,1500,0,0,0.0,0.0
133762,0,0,1500,1500,0,0,0.0,0.0
133772,0,0,1500,1500,0,0,0.0,0.0
133782,0,0,1500,1500,0,0,0.0,0.0
133792,0,0,1500,1500,0,0,0.0,0.0
133803,0,0,1500,1500,0,0,0.0,0.0
133813,0,0,1500,1500,0,0,0.0,0.0
133823,0,0,1500,1500,0,0,0.0,0.0
133833,0,0,1500,1500,0,0,0.0,0.0
133843,0,0,1500,1500,0,0,0.0,0.0
133853,0,0,1500,1500,0,0,0.0,0.0
133863,0,0,1500,1500,0,0,0.0,0.0
133873,0,0,1500,1500,0,0,0.0,0.0
133883,0,0,1500,1500,0,0,0.0,0.0
133893,0,0,1500,1500,0,0,0.0,0.0
133903,0,0,1500,1500,0,0,0.0,0.0
133913,0,0,1500,1500,0,0,0.0,0.0
133923,0,0,1500,1500,0,0,0.0,0.0
133933,0,0,1500,1500,0,0,0.0,0.0
133943,0,0,1500,1500,0,0,0.0,0.0
133953,0,0,1500,1500,0,0,0.0,0.0
133963,0,0,1500,1500,0,0,0.0,0.0
133974,0,0,1500,1500,0,0,0.0,0.0
133984,0,0,1500,1500,0,0,0.0,0.0
133994,0,0,1500,1500,0,0,0.0,0.0
134004,0,0,1500,1500,0,0,0.0,0.0
134014,0,0,1500,1500,0,0,0.0,0.0
134024,0,0,1500,1500,0,0,0.0,0.0
134034,0,0,1500,1500,0,0,0.0,0.0
134044,0,0,1500,1500,0,0,0.0,0.0
134054,0,0,1500,1500,0,0,0.0,0.0
134064,0,0,1500,1500,0,0,0.0,0.0
134074,0,0,1500,1500,0,0,0.0,0.0
134084,0,0,1500,1500,0,0,0.0,0.0
134094,0,0,1500,1500,0,0,0.0,0.0
134104,0,0,1500,1500,0,0,0.0,0.0
134114,0,0,1500,1500,0,0,0.0,0.0
134124,0,0,1500,1500,0,0,0.0,0.0
134134,0,0,1500,1500,0,0,0.0,0.0
134144,0,0,1500,1500,0,0,0.0,0.0
134154,0,0,1500,1500,0,0,0.0,0.0
134164,0,0,1500,1500,0,0,0.0,0.0
134174,0,0,1500,1500,0,0,0.0,0.0
134184,0,0,1500,1500,0,0,0.0,0.0
134194,0,0,1500,1500,0,0,0.0,0.0
134204,0,0,1500,1500,0,0,0.0,0.0
134214,0,0,1500,1500,0,0,0.0,0.0
134224,0,0,1500,1500,0,0,0.0,0.0
134234,0,0,1500,1500,0,0,0.0,0.0
134244,0,0,1500,1500,0,0,0.0,0.0
134254,0,0,1500,1500,0,0,0.0,0.0
134264,0,0,1500,1500,0,0,0.0,0.0
134274,0,0,1500,1500,0,0,0.0,0.0
134284,0,0,1500,1500,0,0,0.0,0.0
134294,0,0,1500,1500,0,0,0.0,0.0
134304,0,0,1500,1500,0,0,0.0,0.0
134315,0,0,1500,1500,0,0,0.0,0.0
134325,0,0,1500,1500,0,0,0.0,0.0
134335,0,0,1500,1500,0,0,0.0,0.0
134345,0,0,1500,1500,0,0,0.0,0.0
134355,0,0,1500,1500,0,0,0.0,0.0
134365,0,0,1500,1500,0,0,0.0,0.0
134375,0,0,1500,1500,0,0,0.0,0.0
134385,0,0,1500,1500,0,0,0.0,0.0
134395,0,0,1500,1500,0,0,0.0,0.0
134405,0,0,1500,1500,0,0,0.0,0.0
134415,0,0,1500,1500,0,0,0.0,0.0
134425,0,0,1500,1500,0,0,0.0,0.0
134435,0,0,1500,1500,0,0,0.0,0.0
134445,0,0,1500,1500,0,0,0.0,0.0
134455,0,0,1500,1500,0,0,0.0,0.0
134465,0,0,1500,1500,0,0,0.0,0.0
134475,0,0,1500,1500,0,0,0.0,0.0
134486,0,0,1500,1500,0,0,0.0,0.0
134496,0,0,1500,1500,0,0,0.0,0.0
134506,0,0,1500,1500,0,0,0.0,0.0
134516,0,0,1500,1500,0,0,0.0,0.0
134526,0,0,1500,1500,0,0,0.0,0.0
134536,0,0,1500,1500,0,0,0.0,0.0
134546,0,0,1500,1500,0,0,0.0,0.0
134556,0,0,1500,1500,0,0,0.0,0.0
134566,0,0,1500,1500,0,0,0.0,0.0
134576,0,0,1500,1500,0,0,0.0,0.0
134586,0,0,1500,1500,0,0,0.0,0.0
134596,0,0,1500,1500,0,0,0.0,0.0
134606,0,0,1500,1500,0,0,0.0,0.0
134616,0,0,1500,1500,0,0,0.0,0.0
134626,0,0,1500,1500,0,0,0.0,0.0
134636,0,0,1500,1500,0,0,0.0,0.0
134646,0,0,1500,1500,0,0,0.0,0.0
134656,0,0,1500,1500,0,0,0.0,0.0
134666,0,0,1500,1500,0,0,0.0,0.0
134676,0,0,1500,1500,0,0,0.0,0.0
134686,0,0,1500,1500,0,0,0.0,0.0
134696,0,0,1500,1500,0,0,0.0,0.0
134706,0,0,1500,1500,0,0,0.0,0.0
134716,0,0,1500,1500,0,0,0.0,0.0
134726,0,0,1500,1500,0,0,0.0,0.0
134736,0,0,1500,1500,0,0,0.0,0.0
134746,0,0,1500,1500,0,0,0.0,0.0
134756,0,0,1500,1500,0,0,0.0,0.0
134766,0,0,1500,1500,0,0,0.0,0.0
134776,0,0,1500,1500,0,0,0.0,0.0
134786,0,0,1500,1500,0,0,0.0,0.0
134796,0,0,1500,1500,0,0,0.0,0.0
134806,0,0,1500,1500,0,0,0.0,0.0
134816,0,0,1500,1500,0,0,0.0,0.0
134827,0,0,1500,1500,0,0,0.0,0.0
134837,0,0,1500,1500,0,0,0.0,0.0
134847,0,0,1500,1500,0,0,0.0,0.0
134857,0,0,1500,1500,0,0,0.0,0.0
134867,0,0,1500,1500,0,0,0.0,0.0
134877,0,0,1500,1500,0,0,0.0,0.0
134887,0,0,1500,1500,0,0,0.0,0.0
134897,0,0,1500,1500,0,0,0.0,0.0
134907,0,0,1500,1500,0,0,0.0,0.0
134917,0,0,1500,1500,0,0,0.0,0.0
134927,0,0,1500,1500,0,0,0.0,0.0
134937,0,0,1500,1500,0,0,0.0,0.0
134947,0,0,1500,1500,0,0,0.0,0.0
134957,0,0,1500,1500,0,0,0.0,0.0
134967,0,0,1500,1500,0,0,0.0,0.0
134977,0,0,1500,1500,0,0,0.0,0.0
134987,0,0,1500,1500,0,0,0.0,0.0
134998,0,0,1500,1500,0,0,0.0,0.0
135008,0,0,1500,1500,0,0,0.0,0.0
135018,0,0,1500,1500,0,0,0.0,0.0
135028,0,0,1500,1500,0,0,0.0,0.0
135038,0,0,1500,1500,0,0,0.0,0.0
135048,0,0,1500,1500,0,0,0.0,0.0
135058,0,0,1500,1500,0,0,0.0,0.0
135068,0,0,1500,1500,0,0,0.0,0.0
135078,0,0,1500,1500,0,0,0.0,0.0
135088,0,0,1500,1500,0,0,0.0,0.0
135098,0,0,1500,1500,0,0,0.0,0.0
135108,0,0,1500,1500,0,0,0.0,0.0
135118,0,0,1500,1500,0,0,0.0,0.0
135128,0,0,1500,1500,0,0,0.0,0.0
135138,0,0,1500,1500,0,0,0.0,0.0
135148,0,0,1500,1500,0,0,0.0,0.0
135158,0,0,1500,1500,0,0,0.0,0.0
135168,0,0,1500,1500,0,0,0.0,0.0
135178,0,0,1500,1500,0,0,0.0,0.0
135188,0,0,1500,1500,0,0,0.0,0.0
135198,0,0,1500,1500,0,0,0.0,0.0
135208,0,0,1500,1500,0,0,0.0,0.0
135218,0,0,1500,1500,0,0,0.0,0.0
135228,0,0,1500,1500,0,0,0.0,0.0
135238,0,0,1500,1500,0,0,0.0,0.0
135248,0,0,1500,1500,0,0,0.0,0.0
135258,0,0,1500,1500,0,0,0.0,0.0
135268,0,0,1500,1500,0,0,0.0,0.0
135278,0,0,1500,1500,0,0,0.0,0.0
135288,0,0,1500,1500,0,0,0.0,0.0
135298,0,0,1500,1500,0,0,0.0,0.0
135308,0,0,1500,1500,0,0,0.0,0.0
135318,0,0,1500,1500,0,0,0.0,0.0
135328,0,0,1500,1500,0,0,0.0,0.0
135339,0,0,1500,1500,0,0,0.0,0.0
135349,0,0,1500,1500,0,0,0.0,0.0
135359,0,0,1500,1500,0,0,0.0,0.0
135369,0,0,1500,1500,0,0,0.0,0.0
135379,0,0,1500,1500,0,0,0.0,0.0
135389,0,0,1500,1500,0,0,0.0,0.0
135399,0,0,1500,1500,0,0,0.0,0.0
135409,0,0,1500,1500,0,0,0.0,0.0
135419,0,0,1500,1500,0,0,0.0,0.0
135429,0,0,1500,1500,0,0,0.0,0.0
135439,0,0,1500,1500,0,0,0.0,0.0
135449,0,0,1500,1500,0,0,0.0,0.0
135459,0,0,1500,1500,0,0,0.0,0.0
135469,0,0,1500,1500,0,0,0.0,0.0
135479,0,0,1500,1500,0,0,0.0,0.0
135489,0,0,1500,1500,0,0,0.0,0.0
135499,0,0,1500,1500,0,0,0.0,0.0
135510,0,0,1500,1500,0,0,0.0,0.0
135520,0,0,1500,1500,0,0,0.0,0.0
135530,0,0,1500,1500,0,0,0.0,0.0
135540,0,0,1500,1500,0,0,0.0,0.0
135550,0,0,1500,1500,0,0,0.0,0.0
135560,0,0,1500,1500,0,0,0.0,0.0
135570,0,0,1500,1500,0,0,0.0,0.0
135580,0,0,1500,1500,0,0,0.0,0.0
135590,0,0,1500,1500,0,0,0.0,0.0
135600,0,0,1500,1500,0,0,0.0,0.0
135610,0,0,1500,1500,0,0,0.0,0.0
135620,0,0,1500,1500,0,0,0.0,0.0
135630,0,0,1500,1500,0,0,0.0,0.0
135640,0,0,1500,1500,0,0,0.0,0.0
135650,0,0,1500,1500,0,0,0.0,0.0
135660,0,0,1500,1500,0,0,0.0,0.0
135670,0,0,1500,1500,0,0,0.0,0.0
135680,0,0,1500,1500,0,0,0.0,0.0
135690,0,0,1500,1500,0,0,0.0,0.0
135700,0,0,1500,1500,0,0,0.0,0.0
135710,0,0,1500,1500,0,0,0.0,0.0
135720,0,0,1500,1500,0,0,0.0,0.0
135730,0,0,1500,1500,0,0,0.0,0.0
135740,0,0,1500,1500,0,0,0.0,0.0
135750,0,0,1500,1500,0,0,0.0,0.0
135760,0,0,1500,1500,0,0,0.0,0.0
135770,0,0,1500,1500,0,0,0.0,0.0
135780,0,0,1500,1500,0,0,0.0,0.0
135790,0,0,1500,1500,0,0,0.0,0.0
135800,0,0,1500,1500,0,0,0.0,0.0
135810,0,0,1500,1500,0,0,0.0,0.0
135820,0,0,1500,1500,0,0,0.0,0.0
135830,0,0,1500,1500,0,0,0.0,0.0
135840,0,0,1500,1500,0,0,0.0,0.0
135851,0,0,1500,1500,0,0,0.0,0.0
135861,0,0,1500,1500,0,0,0.0,0.0
135871,0,0,1500,1500,0,0,0.0,0.0
135881,0,0,1500,1500,0,0,0.0,0.0
135891,0,0,1500,1500,0,0,0.0,0.0
135901,0,0,1500,1500,0,0,0.0,0.0
135911,0,0,1500,1500,0,0,0.0,0.0
135921,0,0,1500,1500,0,0,0.0,0.0
135931,0,0,1500,1500,0,0,0.0,0.0
135941,0,0,1500,1500,0,0,0.0,0.0
135951,0,0,1500,1500,0,0,0.0,0.0
135961,0,0,1500,1500,0,0,0.0,0.0
135971,0,0,1500,1500,0,0,0.0,0.0
135981,0,0,1500,1500,0,0,0.0,0.0
135991,0,0,1500,1500,0,0,0.0,0.0
136001,0,0,1500,1500,0,0,0.0,0.0
136011,0,0,1500,1500,0,0,0.0,0.0
136022,0,0,1500,1500,0,0,0.0,0.0
136032,0,0,1500,1500,0,0,0.0,0.0
136042,0,0,1500,1500,0,0,0.0,0.0
136052,0,0,1500,1500,0,0,0.0,0.0
136062,0,0,1500,1500,0,0,0.0,0.0
136072,0,0,1500,1500,0,0,0.0,0.0
136082,0,0,1500,1500,0,0,0.0,0.0
136092,0,0,1500,1500,0,0,0.0,0.0
136102,0,0,1500,1500,0,0,0.0,0.0
136112,0,0,1500,1500,0,0,0.0,0.0
136122,0,0,1500,1500,0,0,0.0,0.0
136132,0,0,1500,1500,0,0,0.0,0.0
136142,0,0,1500,1500,0,0,0.0,0.0
136152,0,0,1500,1500,0,0,0.0,0.0
136162,0,0,1500,1500,0,0,0.0,0.0
136172,0,0,1500,1500,0,0,0.0,0.0
136182,0,0,1500,1500,0,0,0.0,0.0
136192,0,0,1500,1500,0,0,0.0,0.0
136202,0,0,1500,1500,0,0,0.0,0.0
136212,0,0,1500,1500,0,0,0.0,0.0
136222,0,0,1500,1500,0,0,0.0,0.0
136232,0,0,1500,1500,0,0,0.0,0.0
136242,0,0,1500,1500,0,0,0.0,0.0
136252,0,0,1500,1500,0,0,0.0,0.0
136262,0,0,1500,1500,0,0,0.0,0.0
136272,0,0,1500,1500,0,0,0.0,0.0
136282,0,0,1500,1500,0,0,0.0,0.0
136292,0,0,1500,1500,0,0,0.0,0.0
136302,0,0,1500,1500,0,0,0.0,0.0
136312,0,0,1500,1500,0,0,0.0,0.0
136322,0,0,1500,1500,0,0,0.0,0.0
136332,0,0,1500,1500,0,0,0.0,0.0
136342,0,0,1500,1500,0,0,0.0,0.0
136352,0,0,1500,1500,0,0,0.0,0.0
136363,0,0,1500,1500,0,0,0.0,0.0
136373,0,0,1500,1500,0,0,0.0,0.0
136383,0,0,1500,1500,0,0,0.0,0.0
136393,0,0,1500,1500,0,0,0.0,0.0
136403,0,0,1500,1500,0,0,0.0,0.0
136413,0,0,1500,1500,0,0,0.0,0.0
136423,0,0,1500,1500,0,0,0.0,0.0
136433,0,0,1500,1500,0,0,0.0,0.0
136443,0,0,1500,1500,0,0,0.0,0.0
136453,0,0,1500,1500,0,0,0.0,0.0
136463,0,0,1500,1500,0,0,0.0,0.0
136473,0,0,1500,1500,0,0,0.0,0.0
136483,0,0,1500,1500,0,0,0.0,0.0
136493,0,0,1500,1500,0,0,0.0,0.0
136503,0,0,1500,1500,0,0,0.0,0.0
136513,0,0,1500,1500,0,0,0.0,0.0
136523,0,0,1500,1500,0,0,0.0,0.0
136534,0,0,1500,1500,0,0,0.0,0.0
136544,0,0,1500,1500,0,0,0.0,0.0
136554,0,0,1500,1500,0,0,0.0,0.0
136564,0,0,1500,1500,0,0,0.0,0.0
136574,0,0,1500,1500,0,0,0.0,0.0
136584,0,0,1500,1500,0,0,0.0,0.0
136594,0,0,1500,1500,0,0,0.0,0.0
136604,0,0,1500,1500,0,0,0.0,0.0
136614,0,0,1500,1500,0,0,0.0,0.0
136624,0,0,1500,1500,0,0,0.0,0.0
136634,0,0,1500,1500,0,0,0.0,0.0
136644,0,0,1500,1500,0,0,0.0,0.0
136654,0,0,1500,1500,0,0,0.0,0.0
136664,0,0,1500,1500,0,0,0.0,0.0
136674,0,0,1500,1500,0,0,0.0,0.0
136684,0,0,1500,1500,0,0,0.0,0.0
136694,0,0,1500,1500,0,0,0.0,0.0
136704,0,0,1500,1500,0,0,0.0,0.0
136714,0,0,1500,1500,0,0,0.0,0.0
136724,0,0,1500,1500,0,0,0.0,0.0
136734,0,0,1500,1500,0,0,0.0,0.0
136744,0,0,1500,1500,0,0,0.0,0.0
136754,0,0,1500,1500,0,0,0.0,0.0
136764,0,0,1500,1500,0,0,0.0,0.0
136774,0,0,1500,1500,0,0,0.0,0.0
136784,0,0,1500,1500,0,0,0.0,0.0
136794,0,0,1500,1500,0,0,0.0,0.0
136804,0,0,1500,1500,0,0,0.0,0.0
